order_id,lane,flow,lines,delay_hours,scan_miss,same_day_complete
W00001,Inbound-A,inbound,4,2.48,0,0
W00002,Outbound-South,outbound,7,0.44,0,1
W00003,Inbound-A,inbound,7,2.29,0,0
W00004,Outbound-South,outbound,3,0.0,0,1
W00005,Outbound-North,outbound,3,2.51,0,0
W00006,Inbound-B,inbound,2,0.17,0,1
W00007,Inbound-B,inbound,4,0.07,0,1
W00008,Outbound-North,outbound,5,1.59,0,0
W00009,Outbound-North,outbound,8,0.36,0,1
W00010,Outbound-South,outbound,5,5.06,0,0
W00011,Outbound-South,outbound,1,0.32,0,1
W00012,Returns,return,4,1.59,0,0
W00013,Outbound-South,outbound,1,0.85,0,1
W00014,Outbound-South,outbound,3,1.6,0,0
W00015,Inbound-B,inbound,5,1.99,0,0
W00016,Outbound-North,outbound,2,0.15,0,1
W00017,Outbound-North,outbound,4,2.65,1,0
W00018,Outbound-North,outbound,2,2.32,0,0
W00019,Outbound-North,outbound,2,0.55,0,1
W00020,Inbound-B,inbound,8,1.45,1,0
W00021,Inbound-B,inbound,5,2.1,0,0
W00022,Outbound-South,outbound,4,2.22,0,0
W00023,Inbound-A,inbound,1,0,0,1
W00024,Returns,return,1,1.54,0,0
W00025,Outbound-South,outbound,8,0.93,0,1
W00026,Outbound-South,outbound,6,1.47,0,0
W00027,Outbound-South,outbound,7,4.8,0,0
W00028,Outbound-South,outbound,3,4.71,0,0
W00029,Outbound-South,outbound,8,3.12,0,0
W00030,Inbound-A,inbound,6,0,0,1
W00031,Outbound-North,outbound,3,1.38,0,0
W00032,Inbound-B,inbound,3,0.59,0,1
W00033,Returns,return,3,0.77,0,1
W00034,Outbound-North,outbound,3,1.23,0,0
W00035,Inbound-B,inbound,6,0,0,1
W00036,Outbound-South,outbound,4,1.41,0,0
W00037,Outbound-North,outbound,7,2.12,0,0
W00038,Outbound-South,outbound,3,3.87,0,0
W00039,Outbound-South,outbound,8,1.43,0,0
W00040,Outbound-South,outbound,5,0.0,0,1
W00041,Inbound-B,inbound,2,0,0,1
W00042,Returns,return,8,2.05,0,0
W00043,Inbound-A,inbound,1,0,0,1
W00044,Outbound-North,outbound,8,1.77,0,0
W00045,Inbound-B,inbound,3,0,0,1
W00046,Inbound-A,inbound,7,0,0,1
W00047,Inbound-B,inbound,4,0,0,1
W00048,Inbound-A,inbound,4,2.08,0,0
W00049,Returns,return,5,0.89,0,1
W00050,Outbound-North,outbound,5,0,0,1
W00051,Inbound-A,inbound,3,1.24,0,0
W00052,Outbound-North,outbound,4,1.26,0,0
W00053,Inbound-A,inbound,6,0.27,0,1
W00054,Outbound-South,outbound,1,0.0,0,1
W00055,Inbound-A,inbound,5,0.21,0,1
W00056,Returns,return,8,1.3,0,0
W00057,Inbound-A,inbound,1,0,0,1
W00058,Outbound-South,outbound,2,1.95,0,0
W00059,Outbound-North,outbound,7,2.42,0,0
W00060,Outbound-North,outbound,4,1.16,0,0
W00061,Outbound-North,outbound,6,0.71,0,1
W00062,Outbound-North,outbound,5,2.36,0,0
W00063,Returns,return,2,1.71,0,0
W00064,Outbound-South,outbound,3,2.48,1,0
W00065,Inbound-A,inbound,6,0.84,0,1
W00066,Outbound-South,outbound,5,2.96,0,0
W00067,Outbound-South,outbound,8,2.97,0,0
W00068,Outbound-North,outbound,4,1.38,0,0
W00069,Inbound-B,inbound,2,1.19,0,0
W00070,Outbound-South,outbound,5,3.18,0,0
W00071,Inbound-A,inbound,5,2.31,0,0
W00072,Inbound-A,inbound,4,0.88,0,1
W00073,Inbound-B,inbound,1,0,0,1
W00074,Inbound-A,inbound,6,4.19,0,0
W00075,Inbound-A,inbound,5,2.04,0,0
W00076,Outbound-North,outbound,6,0,0,1
W00077,Inbound-A,inbound,3,1.43,0,0
W00078,Inbound-B,inbound,4,2.36,0,0
W00079,Inbound-B,inbound,8,1.84,0,0
W00080,Inbound-A,inbound,8,1.66,0,0
W00081,Outbound-North,outbound,5,0.32,0,1
W00082,Outbound-South,outbound,3,3.29,0,0
W00083,Outbound-North,outbound,2,0.1,0,1
W00084,Inbound-B,inbound,3,0.53,0,1
W00085,Outbound-South,outbound,2,3.23,0,0
W00086,Outbound-North,outbound,6,3.43,0,0
W00087,Outbound-North,outbound,6,1.35,1,0
W00088,Outbound-North,outbound,2,0.26,0,1
W00089,Outbound-South,outbound,6,0.52,0,1
W00090,Outbound-South,outbound,2,4.43,0,0
W00091,Outbound-South,outbound,5,1.47,0,0
W00092,Outbound-North,outbound,2,3.84,0,0
W00093,Inbound-A,inbound,5,0,0,1
W00094,Inbound-B,inbound,3,0.15,0,1
W00095,Inbound-A,inbound,2,0.03,0,1
W00096,Inbound-A,inbound,4,0.2,0,1
W00097,Inbound-A,inbound,4,0.91,0,1
W00098,Outbound-South,outbound,2,1.38,0,0
W00099,Inbound-A,inbound,2,1.82,0,0
W00100,Outbound-North,outbound,7,1.81,0,0
W00101,Inbound-B,inbound,3,3.37,0,0
W00102,Outbound-North,outbound,6,0,0,1
W00103,Outbound-South,outbound,1,2.9,0,0
W00104,Inbound-A,inbound,2,0,1,1
W00105,Inbound-B,inbound,3,1.2,0,0
W00106,Outbound-North,outbound,2,2.75,0,0
W00107,Inbound-B,inbound,6,0,0,1
W00108,Returns,return,3,0.0,0,1
W00109,Inbound-A,inbound,2,0.74,0,1
W00110,Outbound-South,outbound,3,5.48,0,0
W00111,Outbound-North,outbound,6,1.05,0,0
W00112,Inbound-A,inbound,8,2.11,0,0
W00113,Returns,return,5,2.37,0,0
W00114,Outbound-South,outbound,3,1.68,0,0
W00115,Outbound-North,outbound,3,1.28,0,0
W00116,Outbound-South,outbound,4,2.21,0,0
W00117,Outbound-South,outbound,8,2.24,0,0
W00118,Outbound-South,outbound,7,1.17,0,0
W00119,Outbound-North,outbound,1,1.99,0,0
W00120,Outbound-North,outbound,6,0.78,0,1
W00121,Outbound-South,outbound,7,3.1,0,0
W00122,Outbound-North,outbound,1,0.84,0,1
W00123,Outbound-South,outbound,2,2.86,0,0
W00124,Outbound-North,outbound,6,2.16,0,0
W00125,Outbound-South,outbound,2,0.64,0,1
W00126,Outbound-North,outbound,8,2.69,0,0
W00127,Returns,return,5,0.67,0,1
W00128,Inbound-B,inbound,6,1.64,0,0
W00129,Returns,return,8,1.6,0,0
W00130,Inbound-A,inbound,4,0.61,0,1
W00131,Outbound-South,outbound,1,5.15,0,0
W00132,Inbound-B,inbound,4,0,0,1
W00133,Inbound-B,inbound,1,0,0,1
W00134,Inbound-A,inbound,4,0,0,1
W00135,Inbound-A,inbound,4,0,0,1
W00136,Outbound-South,outbound,5,1.59,0,0
W00137,Outbound-North,outbound,7,1.06,0,0
W00138,Inbound-B,inbound,3,0.35,0,1
W00139,Outbound-South,outbound,8,0.79,0,1
W00140,Outbound-South,outbound,8,3.75,0,0
W00141,Outbound-South,outbound,3,0.02,0,1
W00142,Outbound-North,outbound,3,2.06,0,0
W00143,Inbound-B,inbound,2,1.2,0,0
W00144,Inbound-A,inbound,2,0.26,0,1
W00145,Inbound-A,inbound,2,3.33,0,0
W00146,Inbound-A,inbound,3,0.07,0,1
W00147,Outbound-North,outbound,2,0.6,0,1
W00148,Outbound-South,outbound,3,3.98,0,0
W00149,Returns,return,3,0.72,0,1
W00150,Returns,return,7,3.14,0,0
W00151,Outbound-South,outbound,4,0.48,0,1
W00152,Inbound-A,inbound,5,1.69,0,0
W00153,Outbound-South,outbound,2,1.47,0,0
W00154,Outbound-South,outbound,6,4.44,0,0
W00155,Inbound-A,inbound,1,1.27,0,0
W00156,Inbound-B,inbound,7,0,0,1
W00157,Outbound-North,outbound,8,2.52,0,0
W00158,Outbound-North,outbound,2,1.52,0,0
W00159,Outbound-North,outbound,5,1.65,0,0
W00160,Outbound-North,outbound,6,0.16,0,1
W00161,Returns,return,6,2.46,0,0
W00162,Inbound-B,inbound,7,0.89,0,1
W00163,Inbound-A,inbound,7,1.78,0,0
W00164,Inbound-A,inbound,5,1.57,0,0
W00165,Inbound-A,inbound,1,2.3,0,0
W00166,Returns,return,2,1.16,0,0
W00167,Inbound-B,inbound,8,0.16,0,1
W00168,Outbound-South,outbound,1,2.78,0,0
W00169,Outbound-North,outbound,6,2.48,0,0
W00170,Outbound-South,outbound,2,0.0,0,1
W00171,Outbound-North,outbound,8,0.51,0,1
W00172,Inbound-B,inbound,7,0,0,1
W00173,Outbound-North,outbound,1,1.99,0,0
W00174,Inbound-B,inbound,8,0.62,0,1
W00175,Inbound-A,inbound,7,1.65,0,0
W00176,Outbound-South,outbound,3,1.51,0,0
W00177,Outbound-South,outbound,1,5.81,0,0
W00178,Outbound-North,outbound,2,1.06,0,0
W00179,Returns,return,3,1.23,0,0
W00180,Outbound-South,outbound,6,2.03,0,0
W00181,Outbound-North,outbound,3,0.52,0,1
W00182,Inbound-B,inbound,3,0.45,0,1
W00183,Outbound-South,outbound,3,1.52,0,0
W00184,Outbound-North,outbound,1,1.89,0,0
W00185,Outbound-North,outbound,1,2.27,0,0
W00186,Outbound-South,outbound,2,1.93,0,0
W00187,Outbound-South,outbound,5,0.1,0,1
W00188,Outbound-North,outbound,7,2.2,0,0
W00189,Inbound-A,inbound,5,1.0,0,0
W00190,Returns,return,7,0.0,0,1
W00191,Outbound-North,outbound,8,0.78,0,1
W00192,Outbound-North,outbound,1,0,0,1
W00193,Inbound-A,inbound,3,1.83,0,0
W00194,Outbound-North,outbound,6,0.95,0,1
W00195,Inbound-B,inbound,6,3.05,0,0
W00196,Outbound-South,outbound,5,1.09,0,0
W00197,Outbound-South,outbound,4,1.2,0,0
W00198,Inbound-A,inbound,7,1.23,0,0
W00199,Outbound-North,outbound,2,1.8,0,0
W00200,Inbound-B,inbound,4,0.93,0,1
W00201,Inbound-A,inbound,1,0,0,1
W00202,Inbound-A,inbound,8,1.28,0,0
W00203,Inbound-B,inbound,2,0,0,1
W00204,Outbound-North,outbound,2,2.3,0,0
W00205,Inbound-B,inbound,5,0.14,0,1
W00206,Outbound-South,outbound,7,1.07,0,0
W00207,Inbound-B,inbound,2,0,0,1
W00208,Outbound-North,outbound,2,0.57,0,1
W00209,Outbound-South,outbound,3,0.63,0,1
W00210,Outbound-North,outbound,3,1.57,1,0
W00211,Outbound-North,outbound,1,2.19,0,0
W00212,Outbound-South,outbound,2,0.65,0,1
W00213,Inbound-A,inbound,7,2.31,0,0
W00214,Outbound-North,outbound,6,1.6,0,0
W00215,Inbound-B,inbound,5,0,0,1
W00216,Inbound-A,inbound,8,1.68,0,0
W00217,Inbound-B,inbound,4,0.48,0,1
W00218,Inbound-A,inbound,1,1.86,0,0
W00219,Outbound-North,outbound,7,1.47,0,0
W00220,Inbound-A,inbound,4,0.81,0,1
W00221,Inbound-A,inbound,2,0.93,0,1
W00222,Outbound-North,outbound,7,1.32,0,0
W00223,Outbound-North,outbound,3,1.76,0,0
W00224,Outbound-North,outbound,5,2.05,0,0
W00225,Inbound-B,inbound,8,0,0,1
W00226,Outbound-South,outbound,3,2.42,0,0
W00227,Inbound-A,inbound,5,0.6,0,1
W00228,Outbound-South,outbound,7,2.2,1,0
W00229,Outbound-North,outbound,4,2.23,0,0
W00230,Returns,return,6,0.0,0,1
W00231,Outbound-North,outbound,6,1.1,0,0
W00232,Outbound-South,outbound,1,0.62,0,1
W00233,Inbound-B,inbound,1,1.55,0,0
W00234,Outbound-South,outbound,2,2.5,0,0
W00235,Inbound-A,inbound,8,0,0,1
W00236,Returns,return,3,0.95,0,1
W00237,Outbound-North,outbound,2,1.06,0,0
W00238,Outbound-North,outbound,3,0.18,0,1
W00239,Outbound-North,outbound,8,0.39,0,1
W00240,Outbound-North,outbound,4,1.74,0,0
W00241,Outbound-South,outbound,2,1.42,0,0
W00242,Inbound-A,inbound,2,0,0,1
W00243,Returns,return,8,0.17,0,1
W00244,Outbound-North,outbound,7,0.95,0,1
W00245,Inbound-B,inbound,8,0.8,0,1
W00246,Outbound-North,outbound,8,1.42,0,0
W00247,Outbound-North,outbound,1,0.74,0,1
W00248,Inbound-A,inbound,5,0,0,1
W00249,Outbound-North,outbound,7,0.11,0,1
W00250,Inbound-A,inbound,7,0.43,0,1
W00251,Outbound-South,outbound,8,1.11,0,0
W00252,Inbound-A,inbound,2,1.84,0,0
W00253,Outbound-South,outbound,1,3.69,0,0
W00254,Outbound-North,outbound,8,0.66,0,1
W00255,Inbound-A,inbound,5,1.39,0,0
W00256,Inbound-A,inbound,2,2.23,0,0
W00257,Outbound-South,outbound,4,0.47,0,1
W00258,Inbound-B,inbound,8,1.91,0,0
W00259,Returns,return,8,0.69,0,1
W00260,Outbound-North,outbound,6,2.69,0,0
W00261,Outbound-South,outbound,5,3.7,0,0
W00262,Inbound-B,inbound,7,0.75,0,1
W00263,Inbound-B,inbound,3,0,0,1
W00264,Inbound-A,inbound,5,0,0,1
W00265,Inbound-A,inbound,1,0,0,1
W00266,Inbound-B,inbound,2,0.57,0,1
W00267,Inbound-A,inbound,5,1.48,0,0
W00268,Outbound-North,outbound,1,1.59,0,0
W00269,Outbound-South,outbound,1,1.24,0,0
W00270,Inbound-B,inbound,8,1.9,0,0
W00271,Returns,return,7,0.0,0,1
W00272,Returns,return,4,0.0,0,1
W00273,Outbound-South,outbound,4,0.0,0,1
W00274,Returns,return,7,0.39,0,1
W00275,Outbound-North,outbound,3,1.1,0,0
W00276,Inbound-A,inbound,5,0,0,1
W00277,Inbound-A,inbound,2,0.5,0,1
W00278,Inbound-A,inbound,2,2.37,0,0
W00279,Outbound-South,outbound,3,2.53,0,0
W00280,Inbound-A,inbound,4,0,0,1
W00281,Outbound-South,outbound,1,1.17,0,0
W00282,Returns,return,1,0.87,0,1
W00283,Inbound-B,inbound,5,1.51,0,0
W00284,Outbound-North,outbound,5,1.52,0,0
W00285,Inbound-B,inbound,5,0,0,1
W00286,Inbound-A,inbound,2,0,0,1
W00287,Inbound-B,inbound,2,0,0,1
W00288,Inbound-A,inbound,8,0,0,1
W00289,Inbound-B,inbound,3,0,0,1
W00290,Outbound-North,outbound,1,2.23,0,0
W00291,Outbound-South,outbound,5,0.7,0,1
W00292,Inbound-A,inbound,4,2.41,0,0
W00293,Inbound-B,inbound,4,0.54,0,1
W00294,Inbound-A,inbound,5,2.15,0,0
W00295,Outbound-South,outbound,5,2.74,0,0
W00296,Inbound-B,inbound,3,1.03,0,0
W00297,Inbound-A,inbound,6,1.19,0,0
W00298,Outbound-North,outbound,5,0,0,1
W00299,Outbound-North,outbound,8,0,0,1
W00300,Outbound-South,outbound,2,2.1,0,0
W00301,Returns,return,2,1.77,0,0
W00302,Outbound-North,outbound,6,1.23,0,0
W00303,Outbound-South,outbound,2,0.0,0,1
W00304,Outbound-South,outbound,2,0.0,1,1
W00305,Outbound-North,outbound,7,0.81,0,1
W00306,Outbound-North,outbound,3,1.1,0,0
W00307,Outbound-South,outbound,1,5.46,0,0
W00308,Outbound-North,outbound,6,2.39,0,0
W00309,Inbound-B,inbound,2,0.52,0,1
W00310,Inbound-B,inbound,1,1.24,0,0
W00311,Inbound-B,inbound,2,0,0,1
W00312,Outbound-South,outbound,2,1.11,0,0
W00313,Outbound-North,outbound,4,2.59,0,0
W00314,Outbound-North,outbound,7,1.41,0,0
W00315,Inbound-A,inbound,3,0,0,1
W00316,Inbound-A,inbound,6,0.26,0,1
W00317,Inbound-A,inbound,7,0.52,0,1
W00318,Outbound-South,outbound,3,0.61,0,1
W00319,Inbound-B,inbound,2,1.86,0,0
W00320,Returns,return,5,0.0,0,1
W00321,Outbound-North,outbound,7,1.07,0,0
W00322,Inbound-B,inbound,6,1.8,0,0
W00323,Outbound-North,outbound,8,0.03,0,1
W00324,Outbound-North,outbound,5,2.33,0,0
W00325,Inbound-A,inbound,6,1.59,0,0
W00326,Inbound-B,inbound,1,2.43,0,0
W00327,Outbound-South,outbound,4,2.84,0,0
W00328,Outbound-South,outbound,8,0.8,0,1
W00329,Inbound-A,inbound,5,1.39,0,0
W00330,Outbound-North,outbound,4,2.77,0,0
W00331,Outbound-North,outbound,4,1.44,0,0
W00332,Outbound-North,outbound,4,0.07,0,1
W00333,Inbound-A,inbound,3,1.71,0,0
W00334,Inbound-A,inbound,7,0,0,1
W00335,Returns,return,2,0.0,0,1
W00336,Inbound-A,inbound,7,0.47,0,1
W00337,Outbound-South,outbound,8,2.89,1,0
W00338,Outbound-North,outbound,5,0.86,0,1
W00339,Inbound-A,inbound,8,0,0,1
W00340,Outbound-North,outbound,1,2.88,0,0
W00341,Inbound-B,inbound,3,1.29,0,0
W00342,Outbound-North,outbound,5,0,0,1
W00343,Outbound-South,outbound,4,2.06,1,0
W00344,Outbound-South,outbound,2,0.0,0,1
W00345,Outbound-North,outbound,2,0.13,0,1
W00346,Outbound-North,outbound,7,1.86,0,0
W00347,Returns,return,8,0.29,0,1
W00348,Outbound-North,outbound,4,1.35,1,0
W00349,Inbound-A,inbound,5,0.28,0,1
W00350,Inbound-A,inbound,2,0,0,1
W00351,Outbound-North,outbound,2,2.79,0,0
W00352,Inbound-B,inbound,8,0,0,1
W00353,Outbound-South,outbound,3,1.8,0,0
W00354,Outbound-South,outbound,2,0.98,0,1
W00355,Inbound-A,inbound,8,1.92,0,0
W00356,Outbound-North,outbound,7,1.6,0,0
W00357,Inbound-A,inbound,4,0.52,0,1
W00358,Inbound-A,inbound,6,0,0,1
W00359,Outbound-North,outbound,5,2.23,0,0
W00360,Outbound-South,outbound,7,3.88,0,0
W00361,Inbound-B,inbound,2,0.9,0,1
W00362,Outbound-North,outbound,5,2.31,0,0
W00363,Outbound-South,outbound,6,3.36,0,0
W00364,Outbound-North,outbound,6,2.59,0,0
W00365,Returns,return,7,1.12,0,0
W00366,Inbound-B,inbound,1,1.5,1,0
W00367,Inbound-A,inbound,8,0.71,0,1
W00368,Inbound-B,inbound,8,0.37,0,1
W00369,Outbound-North,outbound,7,0.64,0,1
W00370,Inbound-A,inbound,4,0.47,0,1
W00371,Outbound-South,outbound,1,0.08,0,1
W00372,Outbound-South,outbound,6,2.66,0,0
W00373,Inbound-A,inbound,6,0.55,0,1
W00374,Inbound-A,inbound,2,0,0,1
W00375,Outbound-North,outbound,1,1.84,0,0
W00376,Outbound-South,outbound,7,4.8,0,0
W00377,Outbound-South,outbound,4,2.34,0,0
W00378,Inbound-A,inbound,3,0,0,1
W00379,Inbound-B,inbound,2,0.01,0,1
W00380,Outbound-South,outbound,4,5.57,0,0
W00381,Inbound-A,inbound,2,0,0,1
W00382,Inbound-A,inbound,2,1.22,0,0
W00383,Outbound-South,outbound,6,1.46,0,0
W00384,Inbound-A,inbound,8,0.92,0,1
W00385,Returns,return,4,0.0,0,1
W00386,Inbound-A,inbound,3,1.37,0,0
W00387,Outbound-North,outbound,7,2.17,0,0
W00388,Inbound-A,inbound,6,0,0,1
W00389,Outbound-North,outbound,2,2.52,0,0
W00390,Outbound-South,outbound,6,1.73,0,0
W00391,Returns,return,5,0.0,0,1
W00392,Inbound-A,inbound,3,1.41,0,0
W00393,Inbound-B,inbound,6,0,0,1
W00394,Outbound-South,outbound,2,5.46,0,0
W00395,Inbound-B,inbound,1,2.1,0,0
W00396,Inbound-A,inbound,4,0.81,0,1
W00397,Outbound-South,outbound,8,1.4,0,0
W00398,Returns,return,1,0.08,0,1
W00399,Returns,return,3,0.14,0,1
W00400,Outbound-North,outbound,4,1.04,0,0
W00401,Outbound-South,outbound,1,0.81,0,1
W00402,Inbound-A,inbound,4,0.72,0,1
W00403,Inbound-B,inbound,8,2.26,0,0
W00404,Outbound-North,outbound,7,0,0,1
W00405,Outbound-North,outbound,6,3.03,0,0
W00406,Outbound-South,outbound,6,2.0,0,0
W00407,Inbound-A,inbound,5,0.53,0,1
W00408,Outbound-North,outbound,6,1.37,0,0
W00409,Outbound-North,outbound,5,1.36,0,0
W00410,Inbound-A,inbound,8,1.17,0,0
W00411,Outbound-South,outbound,4,3.96,0,0
W00412,Outbound-North,outbound,1,0.91,0,1
W00413,Outbound-North,outbound,1,1.97,0,0
W00414,Inbound-B,inbound,5,1.43,0,0
W00415,Inbound-A,inbound,7,1.43,0,0
W00416,Outbound-South,outbound,5,4.51,0,0
W00417,Outbound-North,outbound,4,0.66,0,1
W00418,Outbound-North,outbound,4,1.07,0,0
W00419,Inbound-B,inbound,3,0,0,1
W00420,Inbound-A,inbound,3,1.78,0,0
W00421,Outbound-North,outbound,1,3.05,0,0
W00422,Inbound-B,inbound,7,1.42,0,0
W00423,Inbound-A,inbound,2,0.12,0,1
W00424,Inbound-A,inbound,1,0.84,0,1
W00425,Returns,return,1,0.0,0,1
W00426,Outbound-North,outbound,1,1.48,0,0
W00427,Outbound-North,outbound,3,1.38,0,0
W00428,Inbound-A,inbound,5,0,0,1
W00429,Outbound-North,outbound,7,2.13,0,0
W00430,Outbound-South,outbound,8,3.76,0,0
W00431,Outbound-South,outbound,2,1.38,0,0
W00432,Outbound-South,outbound,2,0.43,0,1
W00433,Returns,return,3,1.1,0,0
W00434,Inbound-A,inbound,7,1.2,0,0
W00435,Outbound-South,outbound,7,3.71,0,0
W00436,Inbound-B,inbound,5,1.48,0,0
W00437,Inbound-A,inbound,2,0.98,0,1
W00438,Inbound-B,inbound,3,0.88,0,1
W00439,Outbound-South,outbound,8,0.62,0,1
W00440,Outbound-North,outbound,5,0,0,1
W00441,Outbound-South,outbound,2,1.06,0,0
W00442,Inbound-B,inbound,6,0.82,0,1
W00443,Returns,return,8,4.4,0,0
W00444,Outbound-North,outbound,5,0.84,1,1
W00445,Outbound-North,outbound,8,3.8,0,0
W00446,Inbound-B,inbound,6,2.05,0,0
W00447,Outbound-North,outbound,2,3.3,0,0
W00448,Inbound-A,inbound,8,0.98,0,1
W00449,Outbound-North,outbound,1,1.85,0,0
W00450,Inbound-A,inbound,2,1.94,0,0
W00451,Inbound-A,inbound,8,0.5,0,1
W00452,Outbound-South,outbound,6,1.67,0,0
W00453,Outbound-South,outbound,4,3.1,0,0
W00454,Inbound-A,inbound,7,0,0,1
W00455,Inbound-B,inbound,6,0.57,0,1
W00456,Inbound-A,inbound,2,3.6,0,0
W00457,Inbound-B,inbound,2,2.3,0,0
W00458,Outbound-North,outbound,1,2.69,1,0
W00459,Outbound-South,outbound,3,4.92,0,0
W00460,Outbound-South,outbound,3,1.68,0,0
W00461,Inbound-A,inbound,1,1.46,0,0
W00462,Outbound-South,outbound,5,4.75,0,0
W00463,Outbound-North,outbound,6,0.35,0,1
W00464,Outbound-South,outbound,8,3.43,0,0
W00465,Outbound-South,outbound,8,3.58,0,0
W00466,Outbound-South,outbound,5,3.72,0,0
W00467,Outbound-South,outbound,4,5.35,0,0
W00468,Returns,return,8,5.21,0,0
W00469,Inbound-A,inbound,7,0,0,1
W00470,Outbound-South,outbound,4,3.98,0,0
W00471,Inbound-A,inbound,4,0.77,0,1
W00472,Outbound-North,outbound,7,2.11,0,0
W00473,Inbound-A,inbound,7,0.16,0,1
W00474,Outbound-South,outbound,5,2.53,0,0
W00475,Inbound-A,inbound,1,2.29,0,0
W00476,Outbound-South,outbound,8,1.21,0,0
W00477,Outbound-North,outbound,7,1.76,1,0
W00478,Inbound-A,inbound,7,0.91,0,1
W00479,Outbound-South,outbound,2,1.18,0,0
W00480,Inbound-A,inbound,4,0.79,0,1
W00481,Outbound-North,outbound,5,0.95,0,1
W00482,Inbound-B,inbound,1,1.07,0,0
W00483,Inbound-B,inbound,4,1.77,0,0
W00484,Outbound-North,outbound,2,2.07,0,0
W00485,Inbound-B,inbound,2,2.12,0,0
W00486,Inbound-A,inbound,2,1.32,0,0
W00487,Inbound-A,inbound,2,0.73,0,1
W00488,Inbound-B,inbound,3,1.2,0,0
W00489,Outbound-North,outbound,7,1.83,0,0
W00490,Outbound-North,outbound,4,0,0,1
W00491,Returns,return,4,1.24,0,0
W00492,Outbound-North,outbound,4,0,0,1
W00493,Returns,return,5,0.0,1,1
W00494,Outbound-South,outbound,3,1.98,0,0
W00495,Outbound-North,outbound,8,4.25,1,0
W00496,Outbound-North,outbound,1,2.09,0,0
W00497,Inbound-A,inbound,1,2.2,0,0
W00498,Inbound-A,inbound,3,0.34,0,1
W00499,Outbound-North,outbound,8,1.85,0,0
W00500,Outbound-North,outbound,2,0.68,0,1
W00501,Returns,return,4,0.0,0,1
W00502,Inbound-A,inbound,3,0.83,0,1
W00503,Inbound-B,inbound,3,0.34,0,1
W00504,Outbound-North,outbound,1,0,0,1
W00505,Inbound-A,inbound,1,0.52,0,1
W00506,Inbound-A,inbound,5,2.1,0,0
W00507,Returns,return,7,0.16,0,1
W00508,Inbound-A,inbound,4,0.7,0,1
W00509,Inbound-A,inbound,8,0.24,0,1
W00510,Outbound-North,outbound,8,1.53,0,0
W00511,Outbound-North,outbound,6,0.74,0,1
W00512,Inbound-A,inbound,5,0.69,0,1
W00513,Outbound-South,outbound,5,4.6,0,0
W00514,Outbound-North,outbound,1,1.16,0,0
W00515,Outbound-North,outbound,3,1.88,0,0
W00516,Outbound-North,outbound,7,0,0,1
W00517,Returns,return,3,0.35,0,1
W00518,Inbound-A,inbound,6,1.1,0,0
W00519,Inbound-B,inbound,5,1.99,0,0
W00520,Outbound-South,outbound,4,2.6,0,0
W00521,Inbound-B,inbound,6,0.77,0,1
W00522,Returns,return,4,1.17,0,0
W00523,Outbound-North,outbound,2,1.39,0,0
W00524,Inbound-A,inbound,4,0,0,1
W00525,Inbound-A,inbound,6,0,0,1
W00526,Inbound-A,inbound,5,0,0,1
W00527,Outbound-South,outbound,5,3.27,0,0
W00528,Inbound-B,inbound,7,0.71,0,1
W00529,Inbound-A,inbound,7,0,0,1
W00530,Outbound-South,outbound,3,1.02,0,0
W00531,Outbound-South,outbound,4,3.2,0,0
W00532,Outbound-North,outbound,1,0.7,0,1
W00533,Returns,return,1,2.3,0,0
W00534,Inbound-A,inbound,4,0,0,1
W00535,Outbound-South,outbound,2,0.0,0,1
W00536,Inbound-A,inbound,1,1.51,0,0
W00537,Outbound-North,outbound,1,2.07,0,0
W00538,Inbound-A,inbound,7,0.0,0,1
W00539,Returns,return,4,0.0,0,1
W00540,Inbound-A,inbound,5,0.1,0,1
W00541,Returns,return,4,0.0,0,1
W00542,Outbound-South,outbound,2,2.93,0,0
W00543,Outbound-North,outbound,8,4.32,0,0
W00544,Outbound-North,outbound,1,3.29,0,0
W00545,Outbound-South,outbound,3,0.0,1,1
W00546,Inbound-B,inbound,6,0.36,0,1
W00547,Inbound-A,inbound,7,2.25,0,0
W00548,Inbound-A,inbound,3,0.58,0,1
W00549,Inbound-A,inbound,1,0,0,1
W00550,Outbound-North,outbound,4,1.01,0,0
W00551,Inbound-A,inbound,1,0,0,1
W00552,Outbound-South,outbound,4,0.68,0,1
W00553,Inbound-B,inbound,2,0.81,0,1
W00554,Outbound-North,outbound,8,0.18,0,1
W00555,Returns,return,1,0.96,0,1
W00556,Outbound-North,outbound,3,2.23,0,0
W00557,Inbound-A,inbound,1,2.16,1,0
W00558,Inbound-B,inbound,5,0,0,1
W00559,Outbound-South,outbound,6,2.02,0,0
W00560,Inbound-A,inbound,8,0.48,0,1
W00561,Outbound-North,outbound,3,1.59,1,0
W00562,Outbound-South,outbound,3,3.65,0,0
W00563,Returns,return,5,0.2,0,1
W00564,Outbound-North,outbound,4,2.28,0,0
W00565,Inbound-B,inbound,4,0,1,1
W00566,Inbound-A,inbound,6,0.25,0,1
W00567,Outbound-North,outbound,1,0.85,0,1
W00568,Returns,return,3,0.0,0,1
W00569,Inbound-A,inbound,4,0.22,0,1
W00570,Outbound-South,outbound,4,2.43,0,0
W00571,Outbound-South,outbound,2,4.33,0,0
W00572,Inbound-A,inbound,2,0,0,1
W00573,Outbound-North,outbound,7,1.38,0,0
W00574,Inbound-B,inbound,6,0.44,0,1
W00575,Outbound-North,outbound,3,1.46,0,0
W00576,Outbound-North,outbound,4,1.73,0,0
W00577,Outbound-North,outbound,4,1.04,0,0
W00578,Inbound-B,inbound,7,0.22,0,1
W00579,Outbound-North,outbound,4,1.94,0,0
W00580,Inbound-A,inbound,8,0,0,1
W00581,Outbound-North,outbound,3,0,0,1
W00582,Inbound-B,inbound,2,2.9,0,0
W00583,Outbound-North,outbound,8,1.32,0,0
W00584,Outbound-North,outbound,7,2.63,0,0
W00585,Outbound-North,outbound,3,2.06,0,0
W00586,Outbound-North,outbound,2,1.28,0,0
W00587,Inbound-A,inbound,8,1.11,0,0
W00588,Inbound-A,inbound,5,0.5,0,1
W00589,Inbound-B,inbound,2,0.51,0,1
W00590,Returns,return,3,0.79,0,1
W00591,Inbound-A,inbound,6,0,0,1
W00592,Outbound-South,outbound,2,2.69,0,0
W00593,Inbound-B,inbound,5,0,0,1
W00594,Inbound-B,inbound,4,0.49,0,1
W00595,Inbound-A,inbound,5,0,0,1
W00596,Outbound-South,outbound,2,3.44,0,0
W00597,Outbound-South,outbound,7,2.99,0,0
W00598,Inbound-A,inbound,1,1.81,0,0
W00599,Inbound-B,inbound,1,0.18,0,1
W00600,Inbound-A,inbound,8,1.0,0,0
W00601,Outbound-South,outbound,2,3.76,0,0
W00602,Outbound-South,outbound,8,3.78,0,0
W00603,Returns,return,2,0.0,0,1
W00604,Outbound-South,outbound,8,0.18,0,1
W00605,Inbound-B,inbound,4,0.79,0,1
W00606,Inbound-B,inbound,5,2.95,0,0
W00607,Outbound-South,outbound,1,6.04,0,0
W00608,Inbound-B,inbound,6,0,0,1
W00609,Returns,return,7,0.0,0,1
W00610,Inbound-A,inbound,8,1.96,0,0
W00611,Inbound-A,inbound,1,0,0,1
W00612,Inbound-A,inbound,5,2.42,0,0
W00613,Inbound-A,inbound,6,0,0,1
W00614,Inbound-B,inbound,8,2.84,0,0
W00615,Returns,return,2,0.45,0,1
W00616,Inbound-A,inbound,2,2.99,0,0
W00617,Outbound-South,outbound,7,1.63,0,0
W00618,Outbound-South,outbound,5,0.33,0,1
W00619,Outbound-South,outbound,4,0.03,0,1
W00620,Outbound-North,outbound,6,0.65,0,1
W00621,Outbound-South,outbound,3,0.55,0,1
W00622,Outbound-North,outbound,4,1.7,0,0
W00623,Outbound-South,outbound,2,2.99,0,0
W00624,Outbound-North,outbound,5,1.34,0,0
W00625,Outbound-South,outbound,1,5.16,1,0
W00626,Outbound-North,outbound,2,0,0,1
W00627,Inbound-B,inbound,3,1.31,0,0
W00628,Inbound-A,inbound,3,0.8,0,1
W00629,Returns,return,6,0.09,0,1
W00630,Inbound-B,inbound,8,2.04,0,0
W00631,Outbound-North,outbound,8,1.4,0,0
W00632,Outbound-South,outbound,2,4.25,0,0
W00633,Inbound-A,inbound,7,0,0,1
W00634,Inbound-A,inbound,6,0.45,0,1
W00635,Returns,return,7,0.19,0,1
W00636,Returns,return,7,0.18,0,1
W00637,Outbound-North,outbound,8,1.82,0,0
W00638,Inbound-B,inbound,1,1.79,0,0
W00639,Outbound-North,outbound,7,0.06,0,1
W00640,Outbound-South,outbound,3,2.82,0,0
W00641,Inbound-B,inbound,3,0.2,0,1
W00642,Outbound-North,outbound,1,2.19,0,0
W00643,Inbound-A,inbound,1,0,0,1
W00644,Inbound-B,inbound,7,0.2,0,1
W00645,Outbound-South,outbound,1,2.08,1,0
W00646,Inbound-A,inbound,7,0,0,1
W00647,Inbound-B,inbound,2,3.35,0,0
W00648,Outbound-South,outbound,3,4.3,0,0
W00649,Inbound-A,inbound,4,0.44,0,1
W00650,Inbound-A,inbound,1,4.76,0,0
W00651,Outbound-North,outbound,5,1.13,0,0
W00652,Returns,return,5,0.0,0,1
W00653,Outbound-South,outbound,6,1.66,0,0
W00654,Outbound-North,outbound,7,0.06,0,1
W00655,Outbound-South,outbound,5,3.71,0,0
W00656,Inbound-A,inbound,4,0.63,0,1
W00657,Outbound-North,outbound,1,1.5,0,0
W00658,Inbound-B,inbound,5,0.95,0,1
W00659,Outbound-North,outbound,8,1.51,0,0
W00660,Outbound-South,outbound,7,2.48,0,0
W00661,Outbound-North,outbound,1,0.65,0,1
W00662,Outbound-North,outbound,1,1.08,0,0
W00663,Inbound-B,inbound,4,0.19,0,1
W00664,Outbound-North,outbound,2,1.31,0,0
W00665,Outbound-South,outbound,7,1.74,0,0
W00666,Inbound-A,inbound,2,0,0,1
W00667,Outbound-South,outbound,3,2.56,0,0
W00668,Inbound-A,inbound,5,0,0,1
W00669,Inbound-B,inbound,4,0.35,0,1
W00670,Inbound-A,inbound,7,0.65,0,1
W00671,Inbound-B,inbound,7,0.56,0,1
W00672,Inbound-A,inbound,7,2.11,0,0
W00673,Inbound-A,inbound,8,1.04,0,0
W00674,Outbound-North,outbound,7,0.58,0,1
W00675,Outbound-South,outbound,5,0.0,0,1
W00676,Inbound-A,inbound,4,0.02,0,1
W00677,Inbound-B,inbound,4,1.16,0,0
W00678,Returns,return,1,4.02,0,0
W00679,Outbound-North,outbound,6,2.19,0,0
W00680,Outbound-North,outbound,1,2.33,0,0
W00681,Outbound-South,outbound,8,0.0,0,1
W00682,Outbound-South,outbound,8,0.51,0,1
W00683,Outbound-North,outbound,3,3.06,0,0
W00684,Outbound-South,outbound,6,4.17,0,0
W00685,Outbound-North,outbound,2,1.99,0,0
W00686,Outbound-South,outbound,2,1.76,0,0
W00687,Inbound-B,inbound,3,0,0,1
W00688,Outbound-North,outbound,1,0.34,0,1
W00689,Inbound-B,inbound,2,1.01,1,0
W00690,Inbound-B,inbound,4,0,0,1
W00691,Inbound-B,inbound,3,0.73,0,1
W00692,Inbound-A,inbound,4,0.37,0,1
W00693,Outbound-South,outbound,6,3.4,0,0
W00694,Inbound-A,inbound,1,1.34,0,0
W00695,Inbound-B,inbound,8,1.37,0,0
W00696,Outbound-South,outbound,1,1.32,0,0
W00697,Inbound-A,inbound,3,1.19,0,0
W00698,Outbound-North,outbound,1,1.27,0,0
W00699,Outbound-North,outbound,4,0,0,1
W00700,Outbound-South,outbound,1,5.38,0,0
W00701,Inbound-A,inbound,2,1.11,0,0
W00702,Outbound-North,outbound,4,0,0,1
W00703,Outbound-North,outbound,3,1.0,0,0
W00704,Outbound-South,outbound,7,1.53,0,0
W00705,Inbound-B,inbound,3,0,0,1
W00706,Inbound-B,inbound,7,0,0,1
W00707,Inbound-B,inbound,5,1.57,0,0
W00708,Returns,return,2,2.29,0,0
W00709,Inbound-A,inbound,8,0.59,0,1
W00710,Inbound-B,inbound,8,2.34,0,0
W00711,Outbound-North,outbound,8,0.95,0,1
W00712,Outbound-South,outbound,5,3.07,0,0
W00713,Outbound-South,outbound,1,1.67,0,0
W00714,Inbound-B,inbound,4,0,0,1
W00715,Outbound-North,outbound,4,1.72,0,0
W00716,Inbound-A,inbound,1,1.28,0,0
W00717,Outbound-North,outbound,4,0.07,0,1
W00718,Inbound-B,inbound,1,1.09,0,0
W00719,Inbound-A,inbound,4,0.55,0,1
W00720,Inbound-A,inbound,6,0,0,1
W00721,Outbound-South,outbound,3,2.17,0,0
W00722,Inbound-A,inbound,8,0,0,1
W00723,Inbound-A,inbound,6,0.46,0,1
W00724,Outbound-North,outbound,8,0.45,0,1
W00725,Outbound-South,outbound,5,0.78,0,1
W00726,Inbound-A,inbound,1,1.2,0,0
W00727,Outbound-North,outbound,8,0,0,1
W00728,Outbound-South,outbound,7,3.0,0,0
W00729,Inbound-A,inbound,7,0.17,0,1
W00730,Outbound-North,outbound,3,1.14,0,0
W00731,Inbound-A,inbound,6,1.43,0,0
W00732,Inbound-B,inbound,8,0,0,1
W00733,Outbound-North,outbound,4,1.22,0,0
W00734,Inbound-B,inbound,8,0,0,1
W00735,Inbound-A,inbound,5,1.11,0,0
W00736,Outbound-South,outbound,8,0.0,0,1
W00737,Outbound-North,outbound,6,1.24,0,0
W00738,Outbound-South,outbound,1,5.13,0,0
W00739,Outbound-South,outbound,1,2.86,0,0
W00740,Inbound-B,inbound,5,0,0,1
W00741,Inbound-B,inbound,2,1.04,0,0
W00742,Outbound-North,outbound,6,1.51,0,0
W00743,Outbound-South,outbound,1,1.7,0,0
W00744,Inbound-A,inbound,3,1.34,0,0
W00745,Inbound-B,inbound,2,0.98,0,1
W00746,Inbound-A,inbound,5,0,0,1
W00747,Returns,return,4,0.0,0,1
W00748,Inbound-A,inbound,4,1.64,0,0
W00749,Returns,return,2,3.91,0,0
W00750,Outbound-North,outbound,2,1.33,0,0
W00751,Inbound-B,inbound,5,2.72,0,0
W00752,Inbound-B,inbound,3,0.77,0,1
W00753,Outbound-South,outbound,2,2.65,0,0
W00754,Inbound-A,inbound,2,1.43,0,0
W00755,Outbound-North,outbound,8,2.34,0,0
W00756,Returns,return,3,1.95,0,0
W00757,Inbound-A,inbound,5,2.06,0,0
W00758,Outbound-North,outbound,3,1.67,0,0
W00759,Outbound-South,outbound,1,1.72,0,0
W00760,Outbound-South,outbound,1,3.96,0,0
W00761,Outbound-North,outbound,3,1.82,0,0
W00762,Outbound-North,outbound,3,3.75,0,0
W00763,Inbound-B,inbound,3,0,0,1
W00764,Inbound-B,inbound,5,1.52,0,0
W00765,Outbound-North,outbound,2,1.71,0,0
W00766,Outbound-South,outbound,4,2.83,0,0
W00767,Outbound-North,outbound,7,0,1,1
W00768,Returns,return,6,2.97,0,0
W00769,Returns,return,5,2.23,0,0
W00770,Outbound-South,outbound,3,0.49,0,1
W00771,Inbound-B,inbound,6,3.41,0,0
W00772,Outbound-South,outbound,2,0.0,0,1
W00773,Outbound-North,outbound,8,2.66,0,0
W00774,Inbound-A,inbound,8,1.54,0,0
W00775,Outbound-South,outbound,4,0.42,0,1
W00776,Outbound-North,outbound,4,0,0,1
W00777,Inbound-A,inbound,2,0.45,0,1
W00778,Outbound-South,outbound,6,1.48,0,0
W00779,Outbound-South,outbound,4,1.52,0,0
W00780,Returns,return,6,0.0,0,1
W00781,Outbound-North,outbound,1,1.78,0,0
W00782,Outbound-North,outbound,5,1.39,0,0
W00783,Outbound-South,outbound,1,4.14,0,0
W00784,Outbound-South,outbound,6,3.5,0,0
W00785,Outbound-South,outbound,6,1.92,0,0
W00786,Inbound-B,inbound,4,0.24,0,1
W00787,Outbound-South,outbound,6,4.27,0,0
W00788,Inbound-B,inbound,7,0,0,1
W00789,Outbound-North,outbound,4,1.12,0,0
W00790,Inbound-B,inbound,7,1.02,0,0
W00791,Inbound-A,inbound,6,1.27,0,0
W00792,Outbound-South,outbound,5,2.02,0,0
W00793,Outbound-North,outbound,2,0.76,0,1
W00794,Inbound-A,inbound,7,0,0,1
W00795,Outbound-North,outbound,1,1.13,0,0
W00796,Inbound-A,inbound,2,2.82,0,0
W00797,Outbound-South,outbound,5,4.35,0,0
W00798,Returns,return,4,1.71,0,0
W00799,Inbound-A,inbound,3,0.39,0,1
W00800,Inbound-A,inbound,2,1.53,0,0
W00801,Outbound-South,outbound,1,0.24,0,1
W00802,Outbound-North,outbound,7,2.77,0,0
W00803,Outbound-North,outbound,8,1.06,0,0
W00804,Outbound-South,outbound,7,0.0,0,1
W00805,Outbound-North,outbound,8,1.63,0,0
W00806,Outbound-North,outbound,2,1.17,0,0
W00807,Outbound-South,outbound,7,1.96,0,0
W00808,Outbound-North,outbound,1,2.16,0,0
W00809,Inbound-B,inbound,1,1.97,0,0
W00810,Outbound-South,outbound,1,3.03,0,0
W00811,Inbound-A,inbound,5,1.16,0,0
W00812,Inbound-B,inbound,6,1.82,0,0
W00813,Outbound-North,outbound,7,3.5,0,0
W00814,Inbound-A,inbound,5,1.79,1,0
W00815,Inbound-A,inbound,8,0.66,0,1
W00816,Outbound-North,outbound,7,0,1,1
W00817,Outbound-South,outbound,5,0.29,0,1
W00818,Outbound-South,outbound,1,1.59,0,0
W00819,Outbound-South,outbound,2,5.09,0,0
W00820,Inbound-B,inbound,2,1.44,0,0
W00821,Outbound-North,outbound,6,3.06,0,0
W00822,Inbound-B,inbound,5,1.54,0,0
W00823,Inbound-B,inbound,1,0.45,0,1
W00824,Outbound-South,outbound,5,1.79,0,0
W00825,Inbound-B,inbound,7,1.58,0,0
W00826,Inbound-B,inbound,8,1.19,0,0
W00827,Outbound-North,outbound,6,1.25,0,0
W00828,Outbound-North,outbound,7,1.88,0,0
W00829,Outbound-South,outbound,2,5.26,0,0
W00830,Outbound-South,outbound,3,4.23,0,0
W00831,Outbound-North,outbound,7,0.2,0,1
W00832,Outbound-North,outbound,2,1.79,0,0
W00833,Outbound-South,outbound,6,2.31,0,0
W00834,Outbound-South,outbound,2,4.31,0,0
W00835,Outbound-South,outbound,5,1.66,0,0
W00836,Outbound-North,outbound,3,0.52,0,1
W00837,Outbound-North,outbound,4,3.24,0,0
W00838,Outbound-North,outbound,8,1.69,0,0
W00839,Outbound-South,outbound,5,0.38,0,1
W00840,Outbound-South,outbound,2,0.0,0,1
W00841,Inbound-A,inbound,2,0.04,0,1
W00842,Inbound-A,inbound,5,1.01,0,0
W00843,Returns,return,1,0.0,0,1
W00844,Inbound-B,inbound,4,0.19,0,1
W00845,Inbound-A,inbound,1,0.44,0,1
W00846,Inbound-A,inbound,8,0.49,0,1
W00847,Inbound-B,inbound,1,3.13,0,0
W00848,Outbound-North,outbound,5,0.96,0,1
W00849,Outbound-South,outbound,6,2.16,0,0
W00850,Inbound-A,inbound,3,0.01,0,1
W00851,Outbound-South,outbound,2,1.75,0,0
W00852,Inbound-A,inbound,1,0,0,1
W00853,Outbound-North,outbound,7,3.82,0,0
W00854,Inbound-B,inbound,3,3.66,0,0
W00855,Inbound-B,inbound,4,0.09,0,1
W00856,Inbound-B,inbound,7,1.83,0,0
W00857,Outbound-North,outbound,8,0.11,0,1
W00858,Outbound-North,outbound,6,1.97,0,0
W00859,Inbound-A,inbound,1,0.56,0,1
W00860,Inbound-B,inbound,3,2.42,0,0
W00861,Inbound-B,inbound,6,0.83,0,1
W00862,Inbound-A,inbound,4,1.74,0,0
W00863,Inbound-B,inbound,8,0.16,0,1
W00864,Inbound-A,inbound,8,2.43,0,0
W00865,Outbound-North,outbound,1,0.83,0,1
W00866,Outbound-South,outbound,5,2.99,0,0
W00867,Inbound-A,inbound,5,2.19,0,0
W00868,Outbound-North,outbound,2,3.31,0,0
W00869,Outbound-South,outbound,4,2.03,0,0
W00870,Inbound-B,inbound,4,0,0,1
W00871,Outbound-South,outbound,5,1.17,0,0
W00872,Outbound-South,outbound,1,0.0,0,1
W00873,Outbound-South,outbound,8,4.65,0,0
W00874,Outbound-North,outbound,5,2.43,0,0
W00875,Inbound-B,inbound,8,0.36,0,1
W00876,Outbound-North,outbound,7,2.18,0,0
W00877,Outbound-South,outbound,4,3.64,0,0
W00878,Outbound-North,outbound,5,0,0,1
W00879,Inbound-B,inbound,2,0.9,0,1
W00880,Outbound-South,outbound,5,2.68,0,0
W00881,Inbound-A,inbound,6,0.07,0,1
W00882,Returns,return,6,1.74,0,0
W00883,Outbound-North,outbound,1,2.26,0,0
W00884,Returns,return,6,2.78,0,0
W00885,Returns,return,6,0.08,0,1
W00886,Outbound-South,outbound,5,1.16,0,0
W00887,Inbound-A,inbound,2,1.46,0,0
W00888,Outbound-North,outbound,3,0.68,0,1
W00889,Inbound-A,inbound,4,0.9,0,1
W00890,Inbound-A,inbound,1,1.4,0,0
W00891,Returns,return,7,2.58,0,0
W00892,Outbound-North,outbound,6,0,0,1
W00893,Inbound-A,inbound,7,1.17,0,0
W00894,Outbound-South,outbound,8,0.0,0,1
W00895,Outbound-South,outbound,6,4.46,0,0
W00896,Inbound-A,inbound,8,0.62,0,1
W00897,Returns,return,1,0.0,0,1
W00898,Outbound-North,outbound,4,0.86,0,1
W00899,Outbound-South,outbound,5,3.93,0,0
W00900,Inbound-B,inbound,8,2.0,0,0
W00901,Inbound-B,inbound,5,0,0,1
W00902,Outbound-South,outbound,6,1.18,0,0
W00903,Outbound-South,outbound,2,0.0,0,1
W00904,Inbound-A,inbound,7,0,0,1
W00905,Inbound-A,inbound,1,0,0,1
W00906,Outbound-North,outbound,4,0,0,1
W00907,Returns,return,1,1.47,0,0
W00908,Inbound-A,inbound,7,2.93,0,0
W00909,Outbound-South,outbound,4,6.01,0,0
W00910,Outbound-South,outbound,2,1.03,0,0
W00911,Outbound-North,outbound,3,1.07,0,0
W00912,Inbound-A,inbound,2,0,0,1
W00913,Inbound-B,inbound,8,1.29,0,0
W00914,Outbound-South,outbound,2,2.67,0,0
W00915,Inbound-B,inbound,6,0.99,0,1
W00916,Inbound-B,inbound,3,0,0,1
W00917,Returns,return,6,2.31,1,0
W00918,Outbound-North,outbound,3,1.48,0,0
W00919,Inbound-A,inbound,7,1.6,1,0
W00920,Outbound-North,outbound,3,1.34,0,0
W00921,Inbound-A,inbound,7,1.38,0,0
W00922,Outbound-South,outbound,7,2.98,0,0
W00923,Inbound-B,inbound,1,0,0,1
W00924,Inbound-A,inbound,6,3.57,0,0
W00925,Outbound-South,outbound,5,1.23,0,0
W00926,Outbound-North,outbound,4,1.92,0,0
W00927,Inbound-B,inbound,2,0,0,1
W00928,Inbound-A,inbound,8,1.44,0,0
W00929,Inbound-B,inbound,6,0.43,0,1
W00930,Inbound-A,inbound,7,1.22,0,0
W00931,Returns,return,4,0.0,0,1
W00932,Inbound-B,inbound,3,2.21,1,0
W00933,Outbound-North,outbound,8,1.72,0,0
W00934,Outbound-North,outbound,2,1.53,0,0
W00935,Outbound-South,outbound,2,3.87,0,0
W00936,Inbound-B,inbound,6,1.71,0,0
W00937,Inbound-B,inbound,8,1.59,0,0
W00938,Outbound-North,outbound,3,1.84,0,0
W00939,Inbound-B,inbound,7,2.73,0,0
W00940,Outbound-South,outbound,5,0.15,0,1
W00941,Inbound-A,inbound,5,0.9,0,1
W00942,Inbound-B,inbound,7,0,0,1
W00943,Inbound-B,inbound,7,0.79,0,1
W00944,Outbound-South,outbound,5,1.58,0,0
W00945,Outbound-North,outbound,6,0.04,0,1
W00946,Returns,return,5,2.02,0,0
W00947,Inbound-A,inbound,4,1.93,0,0
W00948,Outbound-North,outbound,4,2.58,0,0
W00949,Outbound-North,outbound,3,2.79,0,0
W00950,Outbound-South,outbound,1,4.73,0,0
W00951,Outbound-North,outbound,3,0.59,0,1
W00952,Inbound-A,inbound,6,0.33,0,1
W00953,Inbound-B,inbound,8,1.57,0,0
W00954,Inbound-A,inbound,3,0.82,0,1
W00955,Inbound-B,inbound,7,3.05,0,0
W00956,Inbound-B,inbound,4,1.48,0,0
W00957,Outbound-South,outbound,7,2.98,0,0
W00958,Outbound-North,outbound,8,0,0,1
W00959,Returns,return,1,2.06,0,0
W00960,Outbound-North,outbound,8,1.18,0,0
W00961,Outbound-South,outbound,3,2.25,0,0
W00962,Inbound-A,inbound,7,0,0,1
W00963,Outbound-North,outbound,1,2.04,0,0
W00964,Outbound-North,outbound,8,1.46,0,0
W00965,Returns,return,3,0.2,0,1
W00966,Inbound-B,inbound,8,0.39,0,1
W00967,Outbound-North,outbound,2,1.59,0,0
W00968,Outbound-North,outbound,8,1.73,1,0
W00969,Outbound-South,outbound,2,2.99,0,0
W00970,Outbound-South,outbound,2,1.15,0,0
W00971,Inbound-B,inbound,8,1.5,0,0
W00972,Inbound-A,inbound,6,1.97,0,0
W00973,Outbound-South,outbound,7,4.71,0,0
W00974,Inbound-A,inbound,2,1.59,0,0
W00975,Inbound-B,inbound,1,0,0,1
W00976,Outbound-North,outbound,5,1.23,0,0
W00977,Outbound-North,outbound,3,1.67,0,0
W00978,Outbound-North,outbound,2,1.62,0,0
W00979,Outbound-South,outbound,1,1.85,0,0
W00980,Outbound-North,outbound,2,0.25,0,1
W00981,Outbound-South,outbound,5,1.45,0,0
W00982,Outbound-North,outbound,5,2.93,0,0
W00983,Outbound-South,outbound,4,3.33,0,0
W00984,Inbound-B,inbound,7,0.15,0,1
W00985,Outbound-South,outbound,3,2.77,0,0
W00986,Inbound-A,inbound,5,1.08,0,0
W00987,Inbound-B,inbound,8,1.41,0,0
W00988,Outbound-North,outbound,2,3.69,0,0
W00989,Outbound-North,outbound,7,0,0,1
W00990,Inbound-B,inbound,6,1.17,0,0
W00991,Inbound-B,inbound,5,0.99,0,1
W00992,Inbound-B,inbound,3,0.57,0,1
W00993,Returns,return,7,1.48,0,0
W00994,Outbound-South,outbound,6,2.83,0,0
W00995,Outbound-North,outbound,3,0.3,0,1
W00996,Outbound-South,outbound,6,2.15,0,0
W00997,Inbound-A,inbound,7,0,0,1
W00998,Outbound-North,outbound,1,2.2,0,0
W00999,Outbound-North,outbound,3,1.37,0,0
W01000,Returns,return,6,2.16,0,0
W01001,Outbound-North,outbound,8,3.02,0,0
W01002,Inbound-B,inbound,1,2.91,0,0
W01003,Outbound-South,outbound,1,2.76,0,0
W01004,Inbound-B,inbound,7,1.07,0,0
W01005,Outbound-North,outbound,2,1.27,0,0
W01006,Inbound-A,inbound,5,0,0,1
W01007,Inbound-A,inbound,1,0,0,1
W01008,Outbound-South,outbound,6,3.93,0,0
W01009,Outbound-North,outbound,3,1.09,0,0
W01010,Outbound-South,outbound,5,3.56,0,0
W01011,Inbound-A,inbound,5,0,0,1
W01012,Inbound-A,inbound,1,1.05,0,0
W01013,Outbound-South,outbound,3,5.16,0,0
W01014,Inbound-B,inbound,3,1.04,0,0
W01015,Inbound-A,inbound,6,0.75,0,1
W01016,Inbound-A,inbound,8,0.87,0,1
W01017,Inbound-B,inbound,6,1.24,0,0
W01018,Outbound-North,outbound,7,1.68,0,0
W01019,Outbound-North,outbound,3,1.46,0,0
W01020,Inbound-A,inbound,3,1.37,0,0
W01021,Outbound-North,outbound,2,0.44,0,1
W01022,Outbound-North,outbound,7,0,0,1
W01023,Inbound-A,inbound,6,0.39,0,1
W01024,Inbound-A,inbound,7,1.26,0,0
W01025,Inbound-B,inbound,3,0.38,0,1
W01026,Inbound-B,inbound,7,2.51,0,0
W01027,Outbound-South,outbound,7,2.17,0,0
W01028,Outbound-North,outbound,1,1.13,0,0
W01029,Outbound-South,outbound,4,3.05,0,0
W01030,Inbound-A,inbound,4,0.99,0,1
W01031,Outbound-South,outbound,8,3.41,0,0
W01032,Outbound-North,outbound,5,0.2,0,1
W01033,Outbound-North,outbound,2,2.08,0,0
W01034,Outbound-South,outbound,3,0.0,0,1
W01035,Returns,return,2,0.0,0,1
W01036,Outbound-North,outbound,4,0.7,0,1
W01037,Returns,return,6,0.0,0,1
W01038,Returns,return,7,0.0,0,1
W01039,Outbound-North,outbound,4,2.88,0,0
W01040,Inbound-A,inbound,6,3.15,0,0
W01041,Outbound-North,outbound,2,2.65,0,0
W01042,Returns,return,5,0.19,0,1
W01043,Outbound-North,outbound,7,2.34,0,0
W01044,Returns,return,3,0.63,0,1
W01045,Inbound-B,inbound,8,1.04,0,0
W01046,Outbound-North,outbound,5,2.76,0,0
W01047,Inbound-A,inbound,7,0,0,1
W01048,Outbound-North,outbound,4,1.52,1,0
W01049,Outbound-North,outbound,1,1.75,0,0
W01050,Outbound-North,outbound,2,2.21,1,0
W01051,Outbound-South,outbound,2,2.75,0,0
W01052,Returns,return,7,3.56,0,0
W01053,Inbound-A,inbound,6,0,0,1
W01054,Inbound-B,inbound,7,1.17,1,0
W01055,Outbound-South,outbound,5,1.81,0,0
W01056,Inbound-A,inbound,3,0,0,1
W01057,Inbound-A,inbound,5,0.71,0,1
W01058,Outbound-North,outbound,5,0.96,0,1
W01059,Inbound-A,inbound,1,1.09,0,0
W01060,Inbound-B,inbound,8,1.66,0,0
W01061,Outbound-North,outbound,7,0,0,1
W01062,Outbound-South,outbound,4,0.45,0,1
W01063,Inbound-B,inbound,8,1.65,0,0
W01064,Inbound-A,inbound,1,1.7,0,0
W01065,Outbound-North,outbound,4,3.44,0,0
W01066,Outbound-North,outbound,8,0,0,1
W01067,Outbound-North,outbound,3,1.26,1,0
W01068,Inbound-A,inbound,1,0,0,1
W01069,Outbound-South,outbound,2,3.25,0,0
W01070,Outbound-North,outbound,6,0.93,0,1
W01071,Outbound-North,outbound,5,0.85,0,1
W01072,Inbound-A,inbound,8,2.43,0,0
W01073,Outbound-North,outbound,3,1.99,0,0
W01074,Inbound-B,inbound,7,0.41,0,1
W01075,Outbound-South,outbound,5,2.04,0,0
W01076,Outbound-South,outbound,2,2.31,0,0
W01077,Outbound-North,outbound,6,0.68,0,1
W01078,Outbound-North,outbound,3,0,0,1
W01079,Outbound-South,outbound,1,0.0,0,1
W01080,Outbound-South,outbound,1,2.26,1,0
W01081,Inbound-B,inbound,4,0.09,0,1
W01082,Inbound-B,inbound,4,2.41,0,0
W01083,Inbound-B,inbound,2,0.18,1,1
W01084,Outbound-South,outbound,3,0.0,0,1
W01085,Inbound-A,inbound,8,2.06,0,0
W01086,Outbound-North,outbound,7,0,0,1
W01087,Outbound-North,outbound,8,0.84,0,1
W01088,Inbound-A,inbound,8,0.26,0,1
W01089,Inbound-B,inbound,4,0.48,0,1
W01090,Returns,return,4,0.25,0,1
W01091,Outbound-South,outbound,8,4.74,0,0
W01092,Inbound-A,inbound,2,3.68,0,0
W01093,Outbound-North,outbound,5,0.02,0,1
W01094,Inbound-A,inbound,1,1.49,0,0
W01095,Inbound-A,inbound,7,1.91,0,0
W01096,Outbound-South,outbound,2,0.0,0,1
W01097,Inbound-A,inbound,5,1.18,0,0
W01098,Outbound-North,outbound,5,3.12,0,0
W01099,Inbound-A,inbound,8,1.62,0,0
W01100,Inbound-B,inbound,3,2.86,0,0
W01101,Outbound-South,outbound,3,3.26,0,0
W01102,Outbound-North,outbound,6,2.84,0,0
W01103,Outbound-North,outbound,5,2.25,0,0
W01104,Outbound-South,outbound,8,2.04,0,0
W01105,Inbound-B,inbound,6,0,0,1
W01106,Inbound-A,inbound,3,0,0,1
W01107,Inbound-A,inbound,6,1.3,0,0
W01108,Outbound-North,outbound,8,0.07,0,1
W01109,Outbound-South,outbound,5,2.19,0,0
W01110,Outbound-South,outbound,1,3.2,0,0
W01111,Outbound-North,outbound,8,0,0,1
W01112,Inbound-A,inbound,8,0.49,0,1
W01113,Outbound-North,outbound,8,1.01,0,0
W01114,Returns,return,3,0.0,0,1
W01115,Inbound-B,inbound,2,0.77,0,1
W01116,Outbound-South,outbound,5,5.48,0,0
W01117,Outbound-South,outbound,3,4.79,0,0
W01118,Inbound-B,inbound,4,0,0,1
W01119,Outbound-North,outbound,4,1.35,0,0
W01120,Inbound-A,inbound,5,0.54,0,1
W01121,Inbound-A,inbound,5,0.43,0,1
W01122,Inbound-B,inbound,3,1.16,0,0
W01123,Inbound-A,inbound,6,0.4,0,1
W01124,Outbound-North,outbound,5,0.75,0,1
W01125,Inbound-A,inbound,8,1.72,0,0
W01126,Outbound-South,outbound,2,0.0,0,1
W01127,Outbound-South,outbound,1,2.23,0,0
W01128,Returns,return,7,3.36,0,0
W01129,Inbound-A,inbound,3,1.86,0,0
W01130,Inbound-A,inbound,7,0.33,0,1
W01131,Outbound-North,outbound,3,1.26,0,0
W01132,Inbound-B,inbound,3,1.47,0,0
W01133,Inbound-B,inbound,1,1.96,0,0
W01134,Outbound-South,outbound,7,1.24,0,0
W01135,Outbound-North,outbound,3,0.11,0,1
W01136,Outbound-South,outbound,1,4.23,0,0
W01137,Outbound-North,outbound,7,0,0,1
W01138,Inbound-A,inbound,8,1.58,0,0
W01139,Outbound-North,outbound,6,0.12,0,1
W01140,Outbound-North,outbound,7,0.5,0,1
W01141,Inbound-B,inbound,6,2.72,0,0
W01142,Inbound-A,inbound,2,0.77,0,1
W01143,Inbound-A,inbound,7,3.79,0,0
W01144,Inbound-A,inbound,2,0.76,0,1
W01145,Outbound-South,outbound,4,6.35,1,0
W01146,Inbound-B,inbound,2,0.61,0,1
W01147,Returns,return,6,0.72,0,1
W01148,Outbound-North,outbound,5,0.42,0,1
W01149,Inbound-A,inbound,1,1.58,0,0
W01150,Inbound-B,inbound,1,1.18,0,0
W01151,Inbound-B,inbound,7,0.94,0,1
W01152,Inbound-A,inbound,4,0,0,1
W01153,Outbound-North,outbound,8,2.36,0,0
W01154,Outbound-South,outbound,1,1.65,0,0
W01155,Outbound-South,outbound,3,2.78,0,0
W01156,Inbound-A,inbound,2,0,0,1
W01157,Inbound-B,inbound,3,2.18,0,0
W01158,Inbound-A,inbound,2,1.51,0,0
W01159,Outbound-South,outbound,6,0.0,1,1
W01160,Inbound-A,inbound,8,1.07,0,0
W01161,Inbound-B,inbound,7,0,0,1
W01162,Inbound-B,inbound,1,0,0,1
W01163,Returns,return,3,2.42,0,0
W01164,Outbound-South,outbound,7,2.99,0,0
W01165,Inbound-A,inbound,2,0.79,0,1
W01166,Returns,return,8,0.69,0,1
W01167,Outbound-South,outbound,7,5.66,0,0
W01168,Outbound-North,outbound,8,0.0,0,1
W01169,Outbound-North,outbound,2,0.45,0,1
W01170,Outbound-North,outbound,1,0,0,1
W01171,Inbound-A,inbound,6,0.97,0,1
W01172,Returns,return,8,0.0,0,1
W01173,Inbound-A,inbound,8,1.26,0,0
W01174,Outbound-North,outbound,7,1.13,0,0
W01175,Outbound-North,outbound,5,0.53,0,1
W01176,Inbound-A,inbound,6,1.68,0,0
W01177,Inbound-A,inbound,5,0,0,1
W01178,Returns,return,3,0.0,0,1
W01179,Outbound-South,outbound,7,0.0,1,1
W01180,Outbound-North,outbound,4,2.72,0,0
W01181,Outbound-South,outbound,8,2.08,0,0
W01182,Outbound-North,outbound,3,2.8,0,0
W01183,Outbound-North,outbound,1,2.88,0,0
W01184,Inbound-A,inbound,4,0,0,1
W01185,Outbound-North,outbound,1,0.55,0,1
W01186,Outbound-North,outbound,7,2.39,0,0
W01187,Outbound-South,outbound,3,2.07,0,0
W01188,Outbound-North,outbound,2,1.65,0,0
W01189,Outbound-North,outbound,5,0.67,0,1
W01190,Inbound-A,inbound,1,1.56,0,0
W01191,Outbound-South,outbound,8,4.33,0,0
W01192,Inbound-B,inbound,6,2.37,0,0
W01193,Outbound-South,outbound,3,0.0,0,1
W01194,Inbound-A,inbound,6,0,0,1
W01195,Outbound-North,outbound,4,2.03,0,0
W01196,Inbound-B,inbound,3,0.73,0,1
W01197,Inbound-B,inbound,4,1.6,0,0
W01198,Outbound-North,outbound,1,3.19,0,0
W01199,Inbound-A,inbound,3,2.21,0,0
W01200,Outbound-North,outbound,3,1.71,0,0
W01201,Inbound-B,inbound,3,0.42,0,1
W01202,Outbound-North,outbound,3,0.1,0,1
W01203,Returns,return,3,0.53,0,1
W01204,Inbound-A,inbound,2,1.63,0,0
W01205,Inbound-A,inbound,4,1.16,0,0
W01206,Outbound-North,outbound,1,0.49,0,1
W01207,Outbound-South,outbound,1,1.75,0,0
W01208,Outbound-North,outbound,8,0.76,0,1
W01209,Inbound-A,inbound,3,0,1,1
W01210,Returns,return,4,2.62,0,0
W01211,Outbound-South,outbound,2,1.9,0,0
W01212,Outbound-South,outbound,6,2.15,0,0
W01213,Outbound-North,outbound,4,0.73,1,1
W01214,Outbound-South,outbound,4,1.95,0,0
W01215,Inbound-B,inbound,1,0.1,0,1
W01216,Outbound-North,outbound,1,1.55,0,0
W01217,Inbound-B,inbound,8,0.39,0,1
W01218,Outbound-North,outbound,6,1.22,0,0
W01219,Outbound-North,outbound,2,2.55,0,0
W01220,Outbound-North,outbound,5,0,0,1
W01221,Inbound-A,inbound,3,0.89,0,1
W01222,Inbound-A,inbound,8,1.56,0,0
W01223,Inbound-A,inbound,4,0,0,1
W01224,Outbound-North,outbound,2,2.5,0,0
W01225,Outbound-North,outbound,1,2.06,0,0
W01226,Outbound-South,outbound,2,1.85,0,0
W01227,Inbound-A,inbound,7,1.65,0,0
W01228,Outbound-North,outbound,2,1.65,0,0
W01229,Outbound-South,outbound,2,1.26,0,0
W01230,Returns,return,3,2.06,0,0
W01231,Inbound-A,inbound,1,0.27,0,1
W01232,Inbound-A,inbound,7,1.26,0,0
W01233,Outbound-South,outbound,6,1.56,1,0
W01234,Outbound-South,outbound,4,3.94,0,0
W01235,Outbound-South,outbound,3,0.39,0,1
W01236,Outbound-South,outbound,1,2.08,0,0
W01237,Returns,return,5,0.86,0,1
W01238,Outbound-North,outbound,1,2.82,0,0
W01239,Inbound-B,inbound,1,1.93,0,0
W01240,Outbound-South,outbound,5,2.31,0,0
W01241,Inbound-A,inbound,3,0.86,0,1
W01242,Outbound-North,outbound,1,0,0,1
W01243,Inbound-A,inbound,2,1.43,0,0
W01244,Outbound-North,outbound,8,0.23,0,1
W01245,Returns,return,5,1.2,0,0
W01246,Inbound-B,inbound,3,0,0,1
W01247,Returns,return,1,0.0,0,1
W01248,Inbound-A,inbound,3,2.38,0,0
W01249,Outbound-North,outbound,4,2.24,0,0
W01250,Outbound-North,outbound,7,0,0,1
W01251,Outbound-South,outbound,7,4.12,0,0
W01252,Inbound-A,inbound,4,0,0,1
W01253,Inbound-A,inbound,7,0,0,1
W01254,Outbound-North,outbound,8,1.64,0,0
W01255,Inbound-A,inbound,1,0.52,0,1
W01256,Outbound-South,outbound,5,2.95,0,0
W01257,Outbound-North,outbound,5,0.24,0,1
W01258,Inbound-B,inbound,5,0.24,0,1
W01259,Inbound-B,inbound,4,1.52,1,0
W01260,Outbound-South,outbound,6,2.66,0,0
W01261,Inbound-A,inbound,4,0,0,1
W01262,Inbound-B,inbound,2,0.81,0,1
W01263,Inbound-B,inbound,5,2.21,0,0
W01264,Outbound-South,outbound,4,2.56,0,0
W01265,Outbound-North,outbound,4,2.15,0,0
W01266,Outbound-North,outbound,2,1.82,0,0
W01267,Inbound-B,inbound,5,0,0,1
W01268,Outbound-South,outbound,1,1.79,0,0
W01269,Outbound-North,outbound,7,2.65,0,0
W01270,Inbound-A,inbound,2,0.59,0,1
W01271,Inbound-A,inbound,8,1.9,0,0
W01272,Returns,return,1,0.0,0,1
W01273,Inbound-A,inbound,2,1.17,0,0
W01274,Outbound-South,outbound,4,0.41,0,1
W01275,Outbound-South,outbound,7,0.0,0,1
W01276,Outbound-North,outbound,8,1.64,0,0
W01277,Outbound-North,outbound,6,2.59,0,0
W01278,Outbound-South,outbound,7,1.26,0,0
W01279,Inbound-B,inbound,1,0,0,1
W01280,Outbound-South,outbound,5,1.05,0,0
W01281,Inbound-B,inbound,2,2.93,0,0
W01282,Outbound-North,outbound,6,0.14,0,1
W01283,Outbound-North,outbound,1,2.42,0,0
W01284,Outbound-South,outbound,1,0.33,0,1
W01285,Outbound-South,outbound,1,2.35,0,0
W01286,Outbound-North,outbound,3,3.96,0,0
W01287,Outbound-South,outbound,1,3.85,0,0
W01288,Outbound-North,outbound,4,2.91,0,0
W01289,Outbound-North,outbound,4,0.9,0,1
W01290,Inbound-A,inbound,3,1.14,0,0
W01291,Outbound-South,outbound,2,2.25,0,0
W01292,Outbound-North,outbound,2,0.93,0,1
W01293,Inbound-A,inbound,5,0.72,1,1
W01294,Inbound-B,inbound,7,0.32,0,1
W01295,Outbound-South,outbound,7,3.58,0,0
W01296,Outbound-South,outbound,3,2.57,0,0
W01297,Outbound-North,outbound,8,2.32,0,0
W01298,Outbound-North,outbound,1,0,0,1
W01299,Outbound-South,outbound,5,2.29,0,0
W01300,Outbound-North,outbound,3,2.39,0,0
W01301,Inbound-A,inbound,2,1.78,0,0
W01302,Inbound-A,inbound,1,1.25,0,0
W01303,Inbound-A,inbound,1,0.34,0,1
W01304,Outbound-South,outbound,8,1.43,0,0
W01305,Outbound-North,outbound,8,4.0,0,0
W01306,Outbound-South,outbound,5,0.56,0,1
W01307,Inbound-B,inbound,7,1.12,0,0
W01308,Outbound-North,outbound,2,1.12,0,0
W01309,Outbound-North,outbound,5,1.8,0,0
W01310,Inbound-A,inbound,4,0.03,0,1
W01311,Inbound-A,inbound,3,0.67,0,1
W01312,Inbound-B,inbound,8,1.44,0,0
W01313,Outbound-North,outbound,7,2.45,0,0
W01314,Inbound-B,inbound,8,0.07,0,1
W01315,Inbound-A,inbound,4,1.21,0,0
W01316,Outbound-North,outbound,1,1.44,0,0
W01317,Outbound-North,outbound,6,1.14,0,0
W01318,Outbound-North,outbound,1,0.54,1,1
W01319,Inbound-B,inbound,3,1.26,0,0
W01320,Outbound-South,outbound,7,5.25,0,0
W01321,Outbound-South,outbound,8,1.11,0,0
W01322,Returns,return,8,1.66,0,0
W01323,Outbound-North,outbound,6,2.01,0,0
W01324,Outbound-North,outbound,7,0.6,0,1
W01325,Outbound-South,outbound,1,4.66,0,0
W01326,Outbound-South,outbound,5,1.0,1,0
W01327,Outbound-South,outbound,8,0.0,0,1
W01328,Outbound-North,outbound,6,1.86,0,0
W01329,Inbound-B,inbound,3,1.24,0,0
W01330,Inbound-A,inbound,3,1.28,0,0
W01331,Outbound-South,outbound,3,0.0,0,1
W01332,Outbound-North,outbound,6,1.73,0,0
W01333,Outbound-South,outbound,1,0.0,0,1
W01334,Outbound-North,outbound,3,0,0,1
W01335,Inbound-A,inbound,1,0.1,0,1
W01336,Inbound-A,inbound,6,0.28,0,1
W01337,Outbound-North,outbound,2,1.07,0,0
W01338,Outbound-North,outbound,7,0.23,0,1
W01339,Returns,return,1,0.35,0,1
W01340,Inbound-B,inbound,5,0.48,0,1
W01341,Outbound-South,outbound,3,0.0,0,1
W01342,Inbound-A,inbound,8,1.49,0,0
W01343,Outbound-North,outbound,4,1.06,0,0
W01344,Outbound-North,outbound,8,1.5,0,0
W01345,Inbound-B,inbound,1,1.96,0,0
W01346,Outbound-North,outbound,3,1.71,0,0
W01347,Returns,return,5,0.0,0,1
W01348,Outbound-North,outbound,3,0.62,0,1
W01349,Outbound-North,outbound,3,3.45,0,0
W01350,Outbound-North,outbound,1,0.54,0,1
W01351,Outbound-South,outbound,8,0.0,0,1
W01352,Outbound-North,outbound,3,0.5,0,1
W01353,Outbound-South,outbound,5,1.4,0,0
W01354,Returns,return,2,2.16,0,0
W01355,Inbound-B,inbound,6,0.25,0,1
W01356,Inbound-A,inbound,4,1.03,0,0
W01357,Inbound-A,inbound,6,2.05,0,0
W01358,Inbound-B,inbound,1,0.48,0,1
W01359,Inbound-B,inbound,3,0,0,1
W01360,Returns,return,4,0.0,0,1
W01361,Outbound-South,outbound,7,2.6,0,0
W01362,Inbound-A,inbound,4,1.45,0,0
W01363,Inbound-A,inbound,7,0.29,0,1
W01364,Inbound-A,inbound,6,0,0,1
W01365,Inbound-A,inbound,2,3.57,0,0
W01366,Inbound-A,inbound,2,1.66,0,0
W01367,Inbound-A,inbound,1,0,0,1
W01368,Inbound-B,inbound,1,1.82,1,0
W01369,Outbound-South,outbound,8,2.53,0,0
W01370,Outbound-North,outbound,3,3.54,0,0
W01371,Outbound-North,outbound,7,2.19,0,0
W01372,Outbound-North,outbound,3,0,0,1
W01373,Outbound-North,outbound,1,0,0,1
W01374,Outbound-North,outbound,5,1.68,0,0
W01375,Outbound-South,outbound,5,0.0,0,1
W01376,Outbound-South,outbound,7,2.29,0,0
W01377,Outbound-South,outbound,6,4.95,0,0
W01378,Inbound-B,inbound,6,0,0,1
W01379,Outbound-South,outbound,7,0.42,0,1
W01380,Inbound-A,inbound,4,0,0,1
W01381,Returns,return,6,0.0,0,1
W01382,Inbound-B,inbound,4,2.15,0,0
W01383,Outbound-South,outbound,8,1.78,0,0
W01384,Inbound-B,inbound,5,2.17,0,0
W01385,Outbound-North,outbound,6,2.89,0,0
W01386,Inbound-A,inbound,4,0,0,1
W01387,Returns,return,2,0.13,0,1
W01388,Outbound-South,outbound,6,0.59,0,1
W01389,Inbound-A,inbound,1,1.27,0,0
W01390,Returns,return,2,0.39,0,1
W01391,Outbound-North,outbound,2,0.9,0,1
W01392,Inbound-A,inbound,2,3.09,0,0
W01393,Inbound-B,inbound,7,0,0,1
W01394,Inbound-A,inbound,1,1.94,0,0
W01395,Inbound-A,inbound,7,0.12,0,1
W01396,Inbound-A,inbound,8,0.08,0,1
W01397,Outbound-South,outbound,3,0.0,1,1
W01398,Inbound-B,inbound,7,2.17,0,0
W01399,Returns,return,7,4.35,0,0
W01400,Outbound-South,outbound,7,4.89,0,0
W01401,Outbound-South,outbound,7,4.98,0,0
W01402,Outbound-North,outbound,3,2.93,0,0
W01403,Inbound-A,inbound,5,0.55,0,1
W01404,Inbound-B,inbound,3,1.23,0,0
W01405,Outbound-South,outbound,2,1.84,0,0
W01406,Outbound-North,outbound,3,1.76,0,0
W01407,Outbound-North,outbound,1,3.08,0,0
W01408,Inbound-A,inbound,8,0,0,1
W01409,Inbound-A,inbound,7,2.0,0,0
W01410,Outbound-North,outbound,1,1.9,0,0
W01411,Outbound-South,outbound,1,2.58,0,0
W01412,Returns,return,1,2.66,0,0
W01413,Outbound-North,outbound,7,0.84,0,1
W01414,Inbound-A,inbound,3,1.42,0,0
W01415,Outbound-South,outbound,2,1.35,0,0
W01416,Outbound-North,outbound,7,1.62,0,0
W01417,Inbound-A,inbound,4,0,0,1
W01418,Inbound-A,inbound,2,1.26,0,0
W01419,Inbound-B,inbound,7,0,0,1
W01420,Outbound-North,outbound,2,1.25,1,0
W01421,Outbound-South,outbound,6,0.0,0,1
W01422,Returns,return,7,0.0,0,1
W01423,Inbound-B,inbound,6,0.31,0,1
W01424,Inbound-B,inbound,4,1.23,0,0
W01425,Inbound-B,inbound,1,0.36,0,1
W01426,Inbound-B,inbound,4,0.88,0,1
W01427,Inbound-A,inbound,8,1.8,0,0
W01428,Inbound-A,inbound,6,0.98,0,1
W01429,Inbound-A,inbound,3,0.49,0,1
W01430,Outbound-South,outbound,1,0.0,0,1
W01431,Inbound-A,inbound,5,0.24,0,1
W01432,Inbound-A,inbound,8,0.79,0,1
W01433,Outbound-South,outbound,1,0.54,0,1
W01434,Inbound-B,inbound,1,0,0,1
W01435,Inbound-B,inbound,8,0.14,0,1
W01436,Inbound-B,inbound,7,0.55,0,1
W01437,Outbound-North,outbound,3,2.55,0,0
W01438,Inbound-B,inbound,3,1.25,0,0
W01439,Returns,return,8,0.72,0,1
W01440,Outbound-North,outbound,4,0.36,0,1
W01441,Outbound-North,outbound,6,3.46,1,0
W01442,Outbound-South,outbound,3,1.6,0,0
W01443,Inbound-B,inbound,1,0.77,0,1
W01444,Outbound-North,outbound,7,0.12,1,1
W01445,Outbound-South,outbound,3,3.26,0,0
W01446,Outbound-South,outbound,2,2.03,0,0
W01447,Returns,return,7,1.34,0,0
W01448,Outbound-South,outbound,4,1.24,1,0
W01449,Inbound-A,inbound,3,0.68,0,1
W01450,Inbound-B,inbound,4,1.27,0,0
W01451,Outbound-North,outbound,3,1.3,0,0
W01452,Returns,return,2,0.0,0,1
W01453,Outbound-North,outbound,3,1.18,0,0
W01454,Outbound-South,outbound,5,2.48,0,0
W01455,Outbound-South,outbound,4,0.0,0,1
W01456,Outbound-North,outbound,1,0.11,0,1
W01457,Outbound-North,outbound,2,0.86,0,1
W01458,Returns,return,6,1.48,0,0
W01459,Outbound-North,outbound,2,1.57,0,0
W01460,Outbound-North,outbound,4,2.0,0,0
W01461,Inbound-A,inbound,6,0,0,1
W01462,Inbound-B,inbound,2,0,0,1
W01463,Inbound-B,inbound,2,2.23,0,0
W01464,Outbound-North,outbound,6,0.32,0,1
W01465,Inbound-A,inbound,7,0,0,1
W01466,Outbound-North,outbound,7,0.33,1,1
W01467,Returns,return,8,1.83,0,0
W01468,Outbound-South,outbound,8,6.36,0,0
W01469,Outbound-South,outbound,5,0.86,0,1
W01470,Inbound-B,inbound,1,0,0,1
W01471,Inbound-B,inbound,8,0,0,1
W01472,Returns,return,1,0.27,0,1
W01473,Outbound-South,outbound,7,2.46,0,0
W01474,Outbound-South,outbound,7,2.17,0,0
W01475,Inbound-B,inbound,3,0,0,1
W01476,Outbound-South,outbound,1,3.7,0,0
W01477,Outbound-North,outbound,8,1.3,0,0
W01478,Outbound-North,outbound,8,1.53,0,0
W01479,Outbound-North,outbound,5,0.45,0,1
W01480,Outbound-North,outbound,7,1.95,0,0
W01481,Outbound-South,outbound,2,3.02,0,0
W01482,Outbound-South,outbound,3,1.58,0,0
W01483,Inbound-B,inbound,3,0,0,1
W01484,Outbound-South,outbound,4,5.72,0,0
W01485,Outbound-North,outbound,7,2.81,0,0
W01486,Outbound-South,outbound,1,4.4,1,0
W01487,Inbound-B,inbound,5,1.26,0,0
W01488,Inbound-A,inbound,4,0.74,0,1
W01489,Inbound-A,inbound,1,0.68,0,1
W01490,Outbound-North,outbound,7,0.88,0,1
W01491,Outbound-South,outbound,5,1.13,0,0
W01492,Inbound-A,inbound,1,0.21,0,1
W01493,Inbound-A,inbound,3,0,0,1
W01494,Outbound-South,outbound,7,1.46,0,0
W01495,Inbound-A,inbound,1,0.39,0,1
W01496,Outbound-North,outbound,6,1.52,0,0
W01497,Inbound-A,inbound,5,0.78,0,1
W01498,Outbound-South,outbound,4,3.87,0,0
W01499,Outbound-North,outbound,1,1.95,0,0
W01500,Inbound-A,inbound,1,1.42,0,0
W01501,Returns,return,6,0.65,0,1
W01502,Returns,return,8,0.72,0,1
W01503,Inbound-B,inbound,3,0.15,0,1
W01504,Outbound-North,outbound,2,2.0,0,0
W01505,Inbound-A,inbound,3,2.23,0,0
W01506,Outbound-South,outbound,8,2.44,0,0
W01507,Inbound-A,inbound,2,0.73,0,1
W01508,Outbound-South,outbound,7,4.94,0,0
W01509,Outbound-South,outbound,4,0.96,0,1
W01510,Outbound-North,outbound,6,3.22,0,0
W01511,Inbound-A,inbound,8,3.04,0,0
W01512,Outbound-North,outbound,4,0,0,1
W01513,Outbound-South,outbound,8,2.83,0,0
W01514,Inbound-A,inbound,6,0,0,1
W01515,Returns,return,8,0.24,0,1
W01516,Outbound-South,outbound,6,2.73,0,0
W01517,Inbound-B,inbound,3,1.75,0,0
W01518,Inbound-B,inbound,1,0,0,1
W01519,Outbound-North,outbound,1,2.19,0,0
W01520,Outbound-North,outbound,8,1.42,0,0
W01521,Outbound-North,outbound,8,0.06,0,1
W01522,Outbound-North,outbound,1,1.77,0,0
W01523,Outbound-North,outbound,2,0.34,0,1
W01524,Inbound-A,inbound,1,0.45,0,1
W01525,Inbound-A,inbound,5,0,0,1
W01526,Outbound-South,outbound,5,1.58,0,0
W01527,Returns,return,7,0.3,0,1
W01528,Outbound-North,outbound,8,1.27,0,0
W01529,Outbound-North,outbound,6,0,0,1
W01530,Outbound-North,outbound,7,1.75,0,0
W01531,Inbound-B,inbound,4,0.55,0,1
W01532,Outbound-South,outbound,3,1.59,0,0
W01533,Outbound-South,outbound,5,1.26,0,0
W01534,Inbound-B,inbound,5,1.46,0,0
W01535,Inbound-A,inbound,3,0,0,1
W01536,Inbound-B,inbound,2,0,0,1
W01537,Inbound-B,inbound,6,0,0,1
W01538,Outbound-North,outbound,3,2.26,0,0
W01539,Outbound-North,outbound,7,2.69,0,0
W01540,Inbound-B,inbound,6,0,1,1
W01541,Inbound-A,inbound,7,0,0,1
W01542,Outbound-South,outbound,5,3.62,0,0
W01543,Outbound-North,outbound,6,0,0,1
W01544,Outbound-North,outbound,5,0.77,0,1
W01545,Outbound-North,outbound,4,0.85,0,1
W01546,Inbound-B,inbound,4,0,0,1
W01547,Inbound-B,inbound,8,1.2,0,0
W01548,Inbound-B,inbound,8,0.56,0,1
W01549,Returns,return,7,0.0,0,1
W01550,Inbound-A,inbound,2,1.05,0,0
W01551,Inbound-B,inbound,4,1.75,0,0
W01552,Outbound-South,outbound,7,4.51,1,0
W01553,Outbound-North,outbound,7,0.89,0,1
W01554,Inbound-A,inbound,4,1.03,0,0
W01555,Outbound-North,outbound,5,0.02,0,1
W01556,Inbound-B,inbound,5,2.0,0,0
W01557,Outbound-South,outbound,2,0.0,0,1
W01558,Returns,return,5,1.77,0,0
W01559,Outbound-North,outbound,7,4.56,1,0
W01560,Outbound-North,outbound,4,1.22,0,0
W01561,Inbound-B,inbound,5,0.19,0,1
W01562,Returns,return,3,1.04,0,0
W01563,Outbound-North,outbound,8,1.09,0,0
W01564,Outbound-South,outbound,2,0.0,0,1
W01565,Outbound-North,outbound,6,2.19,0,0
W01566,Inbound-A,inbound,7,0,0,1
W01567,Outbound-North,outbound,4,0.45,0,1
W01568,Inbound-B,inbound,4,1.22,1,0
W01569,Inbound-A,inbound,2,0.11,0,1
W01570,Inbound-B,inbound,7,0.34,0,1
W01571,Inbound-A,inbound,1,2.79,0,0
W01572,Outbound-North,outbound,8,0.75,0,1
W01573,Outbound-North,outbound,6,3.49,1,0
W01574,Outbound-South,outbound,5,1.98,0,0
W01575,Outbound-North,outbound,6,0,0,1
W01576,Outbound-North,outbound,3,0.18,0,1
W01577,Outbound-South,outbound,3,2.7,0,0
W01578,Inbound-B,inbound,6,0.03,0,1
W01579,Inbound-A,inbound,4,0,0,1
W01580,Outbound-South,outbound,1,0.07,0,1
W01581,Inbound-B,inbound,8,1.05,0,0
W01582,Inbound-A,inbound,3,0,0,1
W01583,Outbound-South,outbound,2,2.36,0,0
W01584,Inbound-B,inbound,1,0.02,0,1
W01585,Outbound-South,outbound,3,0.77,0,1
W01586,Inbound-B,inbound,8,2.35,0,0
W01587,Inbound-B,inbound,5,0.81,0,1
W01588,Outbound-North,outbound,7,0.72,0,1
W01589,Inbound-A,inbound,7,0.91,0,1
W01590,Inbound-A,inbound,6,1.52,0,0
W01591,Inbound-B,inbound,3,1.21,0,0
W01592,Outbound-South,outbound,5,2.4,0,0
W01593,Outbound-North,outbound,4,1.03,0,0
W01594,Returns,return,8,0.66,0,1
W01595,Inbound-A,inbound,8,1.92,0,0
W01596,Outbound-South,outbound,2,0.87,0,1
W01597,Returns,return,6,0.48,0,1
W01598,Outbound-South,outbound,5,3.24,0,0
W01599,Inbound-B,inbound,1,2.29,0,0
W01600,Inbound-A,inbound,2,1.44,0,0
W01601,Outbound-North,outbound,7,0.61,0,1
W01602,Inbound-B,inbound,3,0,0,1
W01603,Outbound-North,outbound,1,0.01,0,1
W01604,Outbound-North,outbound,1,0.83,0,1
W01605,Outbound-South,outbound,6,2.41,0,0
W01606,Inbound-A,inbound,6,0,0,1
W01607,Inbound-B,inbound,4,1.82,0,0
W01608,Inbound-B,inbound,1,2.1,0,0
W01609,Outbound-North,outbound,6,2.88,0,0
W01610,Inbound-B,inbound,3,0.03,0,1
W01611,Returns,return,1,0.72,0,1
W01612,Outbound-South,outbound,8,0.99,0,1
W01613,Returns,return,6,0.0,0,1
W01614,Inbound-B,inbound,7,0.08,0,1
W01615,Outbound-South,outbound,8,1.62,0,0
W01616,Outbound-South,outbound,4,4.74,0,0
W01617,Inbound-A,inbound,4,0.72,0,1
W01618,Inbound-A,inbound,1,0,0,1
W01619,Outbound-North,outbound,5,1.97,0,0
W01620,Outbound-North,outbound,5,0.51,0,1
W01621,Outbound-South,outbound,3,0.91,0,1
W01622,Inbound-A,inbound,1,1.02,0,0
W01623,Inbound-A,inbound,4,1.11,0,0
W01624,Returns,return,2,1.25,0,0
W01625,Returns,return,6,2.0,0,0
W01626,Outbound-South,outbound,3,2.9,0,0
W01627,Inbound-A,inbound,5,1.8,0,0
W01628,Inbound-A,inbound,1,0.56,0,1
W01629,Inbound-A,inbound,1,0,0,1
W01630,Outbound-North,outbound,3,2.57,0,0
W01631,Outbound-South,outbound,6,1.71,0,0
W01632,Inbound-A,inbound,7,1.17,0,0
W01633,Outbound-North,outbound,3,3.01,0,0
W01634,Inbound-A,inbound,6,0.41,0,1
W01635,Outbound-North,outbound,6,0,0,1
W01636,Inbound-B,inbound,6,1.55,0,0
W01637,Inbound-B,inbound,3,0.83,0,1
W01638,Inbound-A,inbound,5,0.44,0,1
W01639,Outbound-South,outbound,4,0.27,0,1
W01640,Outbound-South,outbound,1,3.91,0,0
W01641,Outbound-South,outbound,5,0.0,0,1
W01642,Inbound-A,inbound,3,0,0,1
W01643,Inbound-A,inbound,4,0,0,1
W01644,Inbound-B,inbound,7,0.0,0,1
W01645,Outbound-South,outbound,7,0.87,0,1
W01646,Outbound-North,outbound,6,2.51,0,0
W01647,Outbound-North,outbound,4,1.51,0,0
W01648,Outbound-North,outbound,5,1.13,0,0
W01649,Inbound-B,inbound,2,0.06,0,1
W01650,Outbound-North,outbound,2,0.91,0,1
W01651,Outbound-North,outbound,6,1.34,0,0
W01652,Inbound-B,inbound,3,0.14,0,1
W01653,Outbound-South,outbound,5,1.97,0,0
W01654,Inbound-B,inbound,7,1.32,0,0
W01655,Inbound-B,inbound,4,0.86,0,1
W01656,Inbound-B,inbound,1,1.47,0,0
W01657,Outbound-South,outbound,6,1.31,0,0
W01658,Outbound-South,outbound,2,0.0,0,1
W01659,Outbound-South,outbound,4,3.25,0,0
W01660,Inbound-A,inbound,3,0,0,1
W01661,Outbound-North,outbound,1,2.36,0,0
W01662,Inbound-A,inbound,4,1.66,0,0
W01663,Outbound-South,outbound,3,3.89,1,0
W01664,Outbound-North,outbound,7,2.8,0,0
W01665,Outbound-South,outbound,5,0.0,0,1
W01666,Outbound-South,outbound,8,4.19,0,0
W01667,Outbound-South,outbound,2,4.27,0,0
W01668,Inbound-A,inbound,6,0.81,0,1
W01669,Returns,return,1,0.0,0,1
W01670,Inbound-B,inbound,6,1.22,0,0
W01671,Outbound-North,outbound,8,2.35,0,0
W01672,Inbound-B,inbound,6,0.67,0,1
W01673,Outbound-South,outbound,7,3.96,0,0
W01674,Inbound-B,inbound,8,0.55,1,1
W01675,Outbound-North,outbound,5,1.61,0,0
W01676,Inbound-A,inbound,7,0,0,1
W01677,Outbound-North,outbound,2,2.22,0,0
W01678,Inbound-A,inbound,5,0.42,0,1
W01679,Inbound-A,inbound,8,1.42,0,0
W01680,Outbound-South,outbound,3,2.42,0,0
W01681,Inbound-B,inbound,2,0,0,1
W01682,Outbound-North,outbound,8,1.93,0,0
W01683,Outbound-South,outbound,7,2.47,0,0
W01684,Outbound-North,outbound,1,2.88,0,0
W01685,Outbound-South,outbound,7,3.39,0,0
W01686,Outbound-South,outbound,8,0.0,0,1
W01687,Inbound-A,inbound,5,0,0,1
W01688,Outbound-North,outbound,4,0.79,0,1
W01689,Inbound-B,inbound,3,0.52,0,1
W01690,Inbound-B,inbound,6,3.56,0,0
W01691,Outbound-North,outbound,1,0.45,0,1
W01692,Inbound-B,inbound,6,0,0,1
W01693,Inbound-A,inbound,8,1.83,0,0
W01694,Returns,return,2,1.22,1,0
W01695,Outbound-South,outbound,7,3.13,1,0
W01696,Outbound-South,outbound,2,1.97,0,0
W01697,Inbound-B,inbound,3,0.8,0,1
W01698,Inbound-A,inbound,1,0,0,1
W01699,Outbound-South,outbound,6,2.25,0,0
W01700,Outbound-South,outbound,2,4.86,0,0
W01701,Outbound-North,outbound,1,1.73,0,0
W01702,Outbound-North,outbound,3,0,0,1
W01703,Outbound-North,outbound,6,1.31,0,0
W01704,Inbound-A,inbound,7,1.6,0,0
W01705,Outbound-South,outbound,1,0.27,0,1
W01706,Outbound-South,outbound,5,2.9,0,0
W01707,Outbound-North,outbound,1,1.73,0,0
W01708,Inbound-B,inbound,4,0.39,0,1
W01709,Inbound-B,inbound,3,2.14,0,0
W01710,Outbound-North,outbound,5,1.33,0,0
W01711,Returns,return,3,0.0,0,1
W01712,Outbound-South,outbound,4,5.47,0,0
W01713,Returns,return,6,0.28,0,1
W01714,Outbound-North,outbound,4,2.12,0,0
W01715,Inbound-B,inbound,4,0,0,1
W01716,Inbound-B,inbound,5,0.23,0,1
W01717,Outbound-South,outbound,7,4.28,0,0
W01718,Outbound-North,outbound,7,0,0,1
W01719,Inbound-A,inbound,1,0.12,0,1
W01720,Outbound-South,outbound,5,2.95,0,0
W01721,Inbound-B,inbound,4,0,0,1
W01722,Inbound-B,inbound,8,2.03,0,0
W01723,Inbound-A,inbound,4,1.1,0,0
W01724,Outbound-North,outbound,7,2.61,0,0
W01725,Returns,return,3,2.43,0,0
W01726,Inbound-B,inbound,4,0,0,1
W01727,Inbound-B,inbound,6,0.64,0,1
W01728,Outbound-North,outbound,8,1.19,0,0
W01729,Outbound-South,outbound,4,3.57,0,0
W01730,Inbound-B,inbound,1,0.81,1,1
W01731,Outbound-North,outbound,3,0.93,0,1
W01732,Inbound-A,inbound,7,1.36,0,0
W01733,Outbound-South,outbound,8,2.8,0,0
W01734,Outbound-North,outbound,3,1.86,0,0
W01735,Inbound-A,inbound,7,0,0,1
W01736,Outbound-South,outbound,4,0.47,0,1
W01737,Outbound-North,outbound,3,0.46,0,1
W01738,Inbound-B,inbound,8,3.92,0,0
W01739,Inbound-A,inbound,8,0,0,1
W01740,Outbound-North,outbound,5,0,0,1
W01741,Outbound-South,outbound,8,0.42,0,1
W01742,Outbound-South,outbound,3,0.0,0,1
W01743,Inbound-B,inbound,2,0,0,1
W01744,Outbound-North,outbound,5,3.37,0,0
W01745,Outbound-North,outbound,3,0,0,1
W01746,Inbound-A,inbound,4,2.34,0,0
W01747,Outbound-South,outbound,4,4.35,0,0
W01748,Inbound-B,inbound,4,0.83,0,1
W01749,Inbound-A,inbound,8,1.05,0,0
W01750,Outbound-North,outbound,7,0,0,1
W01751,Outbound-South,outbound,4,0.56,0,1
W01752,Outbound-South,outbound,8,1.61,0,0
W01753,Returns,return,3,0.0,0,1
W01754,Outbound-North,outbound,5,3.17,0,0
W01755,Inbound-A,inbound,8,0.06,0,1
W01756,Outbound-South,outbound,3,2.63,0,0
W01757,Returns,return,1,1.62,0,0
W01758,Returns,return,6,0.49,0,1
W01759,Inbound-A,inbound,2,0,0,1
W01760,Inbound-B,inbound,3,0.35,0,1
W01761,Outbound-North,outbound,4,3.01,0,0
W01762,Inbound-A,inbound,7,2.27,0,0
W01763,Outbound-South,outbound,3,2.25,0,0
W01764,Outbound-North,outbound,5,1.27,0,0
W01765,Outbound-North,outbound,7,1.21,0,0
W01766,Inbound-A,inbound,4,0.0,0,1
W01767,Inbound-B,inbound,4,0.77,0,1
W01768,Outbound-North,outbound,1,1.46,0,0
W01769,Outbound-South,outbound,1,3.82,0,0
W01770,Inbound-B,inbound,7,2.09,0,0
W01771,Outbound-South,outbound,2,3.17,0,0
W01772,Outbound-North,outbound,4,0.75,0,1
W01773,Outbound-North,outbound,8,1.68,0,0
W01774,Outbound-South,outbound,1,1.31,0,0
W01775,Returns,return,5,0.0,0,1
W01776,Outbound-North,outbound,8,1.54,0,0
W01777,Inbound-B,inbound,2,0.71,0,1
W01778,Outbound-South,outbound,5,4.03,0,0
W01779,Outbound-South,outbound,5,2.24,0,0
W01780,Inbound-A,inbound,7,0,0,1
W01781,Outbound-North,outbound,8,2.06,0,0
W01782,Returns,return,2,0.0,0,1
W01783,Outbound-North,outbound,3,1.03,0,0
W01784,Outbound-North,outbound,6,1.35,0,0
W01785,Returns,return,8,1.02,0,0
W01786,Outbound-South,outbound,6,3.64,0,0
W01787,Inbound-B,inbound,7,1.54,0,0
W01788,Inbound-A,inbound,8,1.52,0,0
W01789,Outbound-North,outbound,4,2.7,0,0
W01790,Outbound-South,outbound,7,1.79,0,0
W01791,Outbound-North,outbound,6,2.4,0,0
W01792,Returns,return,1,1.98,0,0
W01793,Inbound-B,inbound,5,1.75,0,0
W01794,Inbound-A,inbound,3,2.33,0,0
W01795,Outbound-South,outbound,6,2.58,0,0
W01796,Outbound-North,outbound,1,2.34,0,0
W01797,Inbound-B,inbound,4,1.63,0,0
W01798,Inbound-B,inbound,7,0.67,0,1
W01799,Inbound-B,inbound,6,2.18,0,0
W01800,Inbound-A,inbound,4,2.05,0,0
W01801,Returns,return,6,0.83,0,1
W01802,Returns,return,6,0.0,0,1
W01803,Inbound-B,inbound,2,1.51,0,0
W01804,Inbound-A,inbound,2,0.46,0,1
W01805,Inbound-B,inbound,8,0.38,0,1
W01806,Inbound-B,inbound,7,0.83,0,1
W01807,Outbound-South,outbound,6,4.12,0,0
W01808,Outbound-South,outbound,7,4.63,0,0
W01809,Inbound-B,inbound,7,2.71,0,0
W01810,Outbound-North,outbound,6,1.71,0,0
W01811,Inbound-B,inbound,1,0,0,1
W01812,Inbound-B,inbound,2,1.94,0,0
W01813,Outbound-North,outbound,8,0,0,1
W01814,Outbound-North,outbound,6,2.95,0,0
W01815,Outbound-North,outbound,6,2.55,0,0
W01816,Inbound-B,inbound,7,3.37,0,0
W01817,Outbound-North,outbound,5,1.02,0,0
W01818,Outbound-North,outbound,4,1.36,0,0
W01819,Inbound-A,inbound,7,0,1,1
W01820,Outbound-North,outbound,3,1.69,0,0
W01821,Inbound-A,inbound,8,2.1,0,0
W01822,Outbound-North,outbound,6,3.34,0,0
W01823,Inbound-A,inbound,5,0.73,0,1
W01824,Inbound-A,inbound,1,1.53,0,0
W01825,Inbound-B,inbound,5,0.49,0,1
W01826,Inbound-A,inbound,5,1.11,0,0
W01827,Inbound-A,inbound,2,0.57,0,1
W01828,Outbound-North,outbound,7,0,0,1
W01829,Outbound-South,outbound,6,2.84,0,0
W01830,Returns,return,4,3.46,0,0
W01831,Inbound-B,inbound,4,2.99,0,0
W01832,Outbound-South,outbound,1,0.0,0,1
W01833,Outbound-North,outbound,7,1.58,0,0
W01834,Outbound-North,outbound,6,0,0,1
W01835,Inbound-B,inbound,7,0.47,0,1
W01836,Outbound-South,outbound,6,2.98,0,0
W01837,Outbound-North,outbound,3,0.88,0,1
W01838,Inbound-B,inbound,6,0.79,0,1
W01839,Inbound-A,inbound,6,1.3,0,0
W01840,Outbound-North,outbound,2,0.06,0,1
W01841,Outbound-South,outbound,5,2.11,0,0
W01842,Outbound-South,outbound,1,1.66,0,0
W01843,Outbound-North,outbound,7,0.17,0,1
W01844,Inbound-A,inbound,3,0,0,1
W01845,Outbound-South,outbound,4,4.39,0,0
W01846,Outbound-South,outbound,5,1.01,0,0
W01847,Inbound-B,inbound,1,0,0,1
W01848,Outbound-South,outbound,6,0.0,0,1
W01849,Inbound-B,inbound,2,2.16,0,0
W01850,Returns,return,6,0.28,0,1
W01851,Returns,return,4,1.04,0,0
W01852,Outbound-North,outbound,3,0.53,0,1
W01853,Returns,return,7,0.0,0,1
W01854,Outbound-South,outbound,3,1.2,0,0
W01855,Outbound-South,outbound,4,1.68,0,0
W01856,Inbound-B,inbound,2,0.37,0,1
W01857,Inbound-A,inbound,5,0,0,1
W01858,Inbound-B,inbound,3,1.44,0,0
W01859,Outbound-North,outbound,2,0.46,0,1
W01860,Inbound-B,inbound,7,1.36,0,0
W01861,Outbound-North,outbound,6,2.3,0,0
W01862,Inbound-A,inbound,2,0.72,0,1
W01863,Inbound-B,inbound,1,0,0,1
W01864,Inbound-B,inbound,8,2.94,0,0
W01865,Outbound-South,outbound,3,3.32,0,0
W01866,Returns,return,8,2.48,0,0
W01867,Inbound-A,inbound,2,2.46,1,0
W01868,Outbound-South,outbound,3,3.48,0,0
W01869,Outbound-North,outbound,7,0.31,0,1
W01870,Inbound-B,inbound,7,3.46,0,0
W01871,Inbound-B,inbound,6,3.11,0,0
W01872,Outbound-South,outbound,5,2.13,0,0
W01873,Outbound-South,outbound,2,2.4,0,0
W01874,Inbound-A,inbound,5,0.03,0,1
W01875,Returns,return,6,1.41,0,0
W01876,Inbound-A,inbound,1,1.7,0,0
W01877,Outbound-North,outbound,2,1.17,0,0
W01878,Inbound-A,inbound,3,0.34,0,1
W01879,Outbound-North,outbound,8,1.75,0,0
W01880,Inbound-B,inbound,4,0,0,1
W01881,Outbound-North,outbound,6,4.08,0,0
W01882,Outbound-North,outbound,7,3.16,0,0
W01883,Outbound-North,outbound,2,3.27,0,0
W01884,Outbound-North,outbound,4,1.41,0,0
W01885,Inbound-B,inbound,3,1.34,0,0
W01886,Outbound-South,outbound,4,2.09,1,0
W01887,Outbound-South,outbound,6,3.7,0,0
W01888,Outbound-North,outbound,3,0.45,0,1
W01889,Inbound-A,inbound,7,2.09,0,0
W01890,Inbound-A,inbound,8,2.7,0,0
W01891,Outbound-South,outbound,3,2.93,0,0
W01892,Inbound-B,inbound,4,0.14,0,1
W01893,Outbound-North,outbound,8,1.04,0,0
W01894,Outbound-North,outbound,6,1.04,0,0
W01895,Inbound-A,inbound,3,1.56,0,0
W01896,Outbound-North,outbound,3,0,0,1
W01897,Outbound-North,outbound,4,1.07,0,0
W01898,Outbound-South,outbound,4,2.79,0,0
W01899,Inbound-B,inbound,7,1.26,0,0
W01900,Returns,return,3,0.0,0,1
W01901,Outbound-North,outbound,8,2.36,0,0
W01902,Outbound-North,outbound,3,1.44,0,0
W01903,Outbound-North,outbound,2,0.62,1,1
W01904,Outbound-North,outbound,8,2.1,0,0
W01905,Outbound-South,outbound,8,3.71,0,0
W01906,Outbound-North,outbound,2,1.46,0,0
W01907,Inbound-B,inbound,7,1.46,0,0
W01908,Outbound-North,outbound,5,1.67,0,0
W01909,Outbound-North,outbound,8,0.77,0,1
W01910,Inbound-A,inbound,2,0.25,0,1
W01911,Outbound-South,outbound,1,1.81,0,0
W01912,Inbound-A,inbound,3,1.8,0,0
W01913,Inbound-B,inbound,5,0.35,0,1
W01914,Outbound-South,outbound,1,3.86,0,0
W01915,Returns,return,3,3.89,0,0
W01916,Outbound-South,outbound,1,1.97,0,0
W01917,Outbound-North,outbound,3,1.19,0,0
W01918,Inbound-A,inbound,2,2.16,0,0
W01919,Returns,return,2,0.66,0,1
W01920,Outbound-North,outbound,5,1.1,0,0
W01921,Returns,return,3,0.0,0,1
W01922,Outbound-North,outbound,1,2.66,0,0
W01923,Outbound-North,outbound,3,1.21,0,0
W01924,Outbound-South,outbound,6,0.48,0,1
W01925,Inbound-A,inbound,4,1.71,0,0
W01926,Outbound-South,outbound,8,0.86,0,1
W01927,Outbound-North,outbound,2,1.05,0,0
W01928,Outbound-North,outbound,5,2.02,0,0
W01929,Returns,return,8,0.99,0,1
W01930,Outbound-North,outbound,8,1.76,0,0
W01931,Inbound-B,inbound,1,2.65,0,0
W01932,Inbound-A,inbound,2,2.01,0,0
W01933,Inbound-A,inbound,3,0,0,1
W01934,Outbound-North,outbound,1,0.48,0,1
W01935,Inbound-B,inbound,4,0.78,0,1
W01936,Inbound-B,inbound,4,0.32,0,1
W01937,Inbound-A,inbound,5,2.7,0,0
W01938,Outbound-North,outbound,6,1.48,0,0
W01939,Outbound-North,outbound,7,1.14,0,0
W01940,Inbound-A,inbound,8,1.86,0,0
W01941,Inbound-A,inbound,6,0.06,0,1
W01942,Inbound-B,inbound,3,1.11,0,0
W01943,Outbound-South,outbound,3,1.65,0,0
W01944,Outbound-North,outbound,6,1.25,0,0
W01945,Inbound-B,inbound,6,0,0,1
W01946,Outbound-North,outbound,4,0.18,0,1
W01947,Outbound-North,outbound,8,0.79,0,1
W01948,Inbound-B,inbound,5,1.49,0,0
W01949,Outbound-North,outbound,7,2.57,0,0
W01950,Inbound-A,inbound,5,1.25,0,0
W01951,Outbound-North,outbound,3,1.24,0,0
W01952,Outbound-South,outbound,3,0.94,0,1
W01953,Inbound-B,inbound,8,1.54,0,0
W01954,Returns,return,1,2.12,0,0
W01955,Inbound-B,inbound,4,1.67,0,0
W01956,Returns,return,5,2.43,0,0
W01957,Inbound-A,inbound,7,1.19,0,0
W01958,Returns,return,6,2.46,0,0
W01959,Outbound-South,outbound,3,3.95,0,0
W01960,Inbound-A,inbound,6,2.1,0,0
W01961,Inbound-B,inbound,1,0,0,1
W01962,Outbound-North,outbound,3,0,0,1
W01963,Inbound-B,inbound,4,2.47,0,0
W01964,Inbound-A,inbound,1,1.09,0,0
W01965,Outbound-North,outbound,7,1.44,0,0
W01966,Inbound-A,inbound,8,0.66,0,1
W01967,Inbound-A,inbound,4,0.35,0,1
W01968,Outbound-North,outbound,8,2.15,0,0
W01969,Returns,return,6,1.86,0,0
W01970,Outbound-North,outbound,5,2.02,0,0
W01971,Inbound-A,inbound,5,1.33,0,0
W01972,Outbound-South,outbound,7,1.84,1,0
W01973,Inbound-A,inbound,4,1.86,0,0
W01974,Inbound-A,inbound,4,0,0,1
W01975,Inbound-A,inbound,2,1.47,0,0
W01976,Outbound-North,outbound,4,0.53,0,1
W01977,Outbound-South,outbound,4,2.31,0,0
W01978,Inbound-A,inbound,5,0.96,0,1
W01979,Inbound-A,inbound,1,2.29,1,0
W01980,Inbound-A,inbound,1,0,0,1
W01981,Inbound-B,inbound,1,2.27,0,0
W01982,Outbound-South,outbound,1,1.29,0,0
W01983,Outbound-South,outbound,8,2.27,0,0
W01984,Inbound-B,inbound,5,2.22,0,0
W01985,Outbound-South,outbound,1,4.3,0,0
W01986,Outbound-North,outbound,1,3.05,0,0
W01987,Inbound-A,inbound,8,0.78,0,1
W01988,Inbound-B,inbound,3,0.01,0,1
W01989,Inbound-A,inbound,5,2.18,0,0
W01990,Returns,return,8,0.42,0,1
W01991,Inbound-A,inbound,2,1.35,0,0
W01992,Outbound-North,outbound,5,0.95,0,1
W01993,Outbound-North,outbound,2,2.0,0,0
W01994,Outbound-North,outbound,7,2.74,0,0
W01995,Inbound-A,inbound,8,1.15,0,0
W01996,Outbound-South,outbound,7,3.71,0,0
W01997,Outbound-North,outbound,4,2.78,0,0
W01998,Inbound-A,inbound,3,1.82,0,0
W01999,Inbound-B,inbound,5,0,0,1
W02000,Inbound-A,inbound,5,1.27,0,0
W02001,Inbound-A,inbound,7,1.17,0,0
W02002,Inbound-A,inbound,2,1.56,0,0
W02003,Outbound-North,outbound,2,0.14,0,1
W02004,Outbound-North,outbound,8,0,0,1
W02005,Inbound-A,inbound,8,4.2,0,0
W02006,Inbound-A,inbound,7,0,0,1
W02007,Outbound-South,outbound,5,4.69,0,0
W02008,Inbound-B,inbound,1,0.9,0,1
W02009,Outbound-South,outbound,7,6.16,1,0
W02010,Outbound-North,outbound,1,1.75,0,0
W02011,Outbound-South,outbound,1,5.33,0,0
W02012,Outbound-North,outbound,6,0.97,0,1
W02013,Outbound-South,outbound,6,1.23,0,0
W02014,Inbound-B,inbound,6,1.43,0,0
W02015,Outbound-South,outbound,8,3.61,0,0
W02016,Outbound-South,outbound,6,2.92,0,0
W02017,Outbound-North,outbound,1,2.13,0,0
W02018,Outbound-South,outbound,5,0.6,0,1
W02019,Returns,return,6,0.71,0,1
W02020,Inbound-A,inbound,3,1.5,0,0
W02021,Inbound-A,inbound,2,0,0,1
W02022,Outbound-North,outbound,1,1.5,0,0
W02023,Outbound-South,outbound,2,2.09,0,0
W02024,Inbound-A,inbound,3,1.22,0,0
W02025,Outbound-South,outbound,1,0.0,0,1
W02026,Outbound-South,outbound,8,3.2,0,0
W02027,Outbound-South,outbound,6,3.95,0,0
W02028,Outbound-North,outbound,6,1.13,1,0
W02029,Outbound-South,outbound,2,2.77,0,0
W02030,Inbound-B,inbound,4,0.63,0,1
W02031,Outbound-North,outbound,4,2.44,0,0
W02032,Outbound-North,outbound,6,1.37,0,0
W02033,Returns,return,8,1.41,0,0
W02034,Inbound-A,inbound,3,0.39,0,1
W02035,Inbound-B,inbound,5,1.19,0,0
W02036,Returns,return,3,1.52,0,0
W02037,Inbound-A,inbound,5,2.1,0,0
W02038,Inbound-A,inbound,1,1.58,0,0
W02039,Inbound-A,inbound,2,2.29,0,0
W02040,Inbound-B,inbound,7,1.8,0,0
W02041,Outbound-South,outbound,2,2.95,0,0
W02042,Outbound-North,outbound,4,2.4,0,0
W02043,Outbound-North,outbound,4,2.46,0,0
W02044,Inbound-A,inbound,1,0.33,0,1
W02045,Outbound-South,outbound,1,0.99,0,1
W02046,Outbound-North,outbound,2,3.02,0,0
W02047,Inbound-B,inbound,1,0.41,0,1
W02048,Inbound-A,inbound,1,0.09,0,1
W02049,Inbound-A,inbound,3,0,0,1
W02050,Inbound-A,inbound,1,1.91,0,0
W02051,Inbound-B,inbound,7,0.4,0,1
W02052,Inbound-A,inbound,5,1.02,0,0
W02053,Outbound-South,outbound,8,2.53,0,0
W02054,Outbound-North,outbound,8,1.04,0,0
W02055,Outbound-North,outbound,4,0,0,1
W02056,Inbound-A,inbound,8,0,0,1
W02057,Outbound-South,outbound,8,3.15,0,0
W02058,Outbound-North,outbound,4,0.27,0,1
W02059,Inbound-B,inbound,3,1.58,0,0
W02060,Outbound-North,outbound,6,0,0,1
W02061,Outbound-South,outbound,8,2.71,1,0
W02062,Outbound-North,outbound,7,0.47,0,1
W02063,Inbound-A,inbound,1,0,0,1
W02064,Inbound-B,inbound,6,0,0,1
W02065,Inbound-A,inbound,5,0.24,0,1
W02066,Inbound-B,inbound,4,0,0,1
W02067,Outbound-North,outbound,7,1.82,0,0
W02068,Outbound-North,outbound,4,0.09,0,1
W02069,Outbound-South,outbound,4,0.83,0,1
W02070,Outbound-North,outbound,5,0,0,1
W02071,Outbound-South,outbound,7,1.94,0,0
W02072,Inbound-A,inbound,7,1.6,0,0
W02073,Outbound-South,outbound,1,4.56,0,0
W02074,Inbound-B,inbound,1,1.6,0,0
W02075,Outbound-North,outbound,7,2.46,0,0
W02076,Returns,return,7,0.2,0,1
W02077,Outbound-South,outbound,4,4.32,0,0
W02078,Outbound-South,outbound,8,2.38,0,0
W02079,Outbound-North,outbound,7,1.1,0,0
W02080,Outbound-North,outbound,8,2.42,0,0
W02081,Inbound-A,inbound,2,0.47,0,1
W02082,Outbound-South,outbound,3,3.93,0,0
W02083,Outbound-North,outbound,4,2.48,0,0
W02084,Returns,return,2,1.9,0,0
W02085,Inbound-B,inbound,7,0.73,0,1
W02086,Outbound-South,outbound,3,1.32,1,0
W02087,Inbound-A,inbound,5,0.45,0,1
W02088,Inbound-A,inbound,3,0,1,1
W02089,Inbound-B,inbound,1,0,0,1
W02090,Inbound-A,inbound,6,1.56,0,0
W02091,Inbound-B,inbound,7,1.43,0,0
W02092,Outbound-South,outbound,2,3.67,0,0
W02093,Outbound-South,outbound,4,2.14,0,0
W02094,Outbound-South,outbound,5,4.79,0,0
W02095,Outbound-North,outbound,1,0.95,0,1
W02096,Inbound-A,inbound,3,0.49,0,1
W02097,Outbound-South,outbound,2,1.93,0,0
W02098,Inbound-A,inbound,1,2.13,0,0
W02099,Outbound-North,outbound,5,0.3,0,1
W02100,Inbound-B,inbound,5,0.55,0,1
W02101,Inbound-B,inbound,8,0.45,0,1
W02102,Inbound-B,inbound,7,2.64,0,0
W02103,Inbound-A,inbound,6,2.24,0,0
W02104,Outbound-North,outbound,5,0.82,0,1
W02105,Inbound-A,inbound,2,1.19,0,0
W02106,Outbound-South,outbound,1,5.65,0,0
W02107,Inbound-A,inbound,5,1.27,0,0
W02108,Outbound-North,outbound,4,1.3,0,0
W02109,Returns,return,2,0.63,0,1
W02110,Outbound-North,outbound,7,0.47,0,1
W02111,Returns,return,1,1.3,0,0
W02112,Outbound-North,outbound,2,2.81,0,0
W02113,Outbound-North,outbound,3,0.78,0,1
W02114,Inbound-B,inbound,6,0.15,0,1
W02115,Inbound-B,inbound,1,0,0,1
W02116,Inbound-B,inbound,7,0,0,1
W02117,Outbound-North,outbound,3,2.86,0,0
W02118,Outbound-North,outbound,5,0.27,0,1
W02119,Inbound-B,inbound,2,1.06,0,0
W02120,Outbound-South,outbound,7,0.09,1,1
W02121,Outbound-North,outbound,3,2.22,0,0
W02122,Inbound-B,inbound,5,2.39,0,0
W02123,Outbound-South,outbound,7,2.9,0,0
W02124,Inbound-A,inbound,5,2.11,0,0
W02125,Outbound-North,outbound,4,1.8,0,0
W02126,Outbound-North,outbound,7,0.98,0,1
W02127,Outbound-North,outbound,7,0,0,1
W02128,Outbound-North,outbound,1,1.27,0,0
W02129,Outbound-South,outbound,2,0.0,0,1
W02130,Outbound-South,outbound,3,3.53,0,0
W02131,Outbound-South,outbound,1,2.39,0,0
W02132,Inbound-B,inbound,5,0.89,0,1
W02133,Outbound-North,outbound,3,0.9,0,1
W02134,Inbound-A,inbound,4,0.32,0,1
W02135,Outbound-South,outbound,4,1.44,0,0
W02136,Inbound-A,inbound,1,0.3,0,1
W02137,Outbound-North,outbound,8,1.98,0,0
W02138,Outbound-South,outbound,7,0.01,0,1
W02139,Outbound-South,outbound,8,4.43,0,0
W02140,Inbound-B,inbound,3,3.76,0,0
W02141,Inbound-A,inbound,2,3.35,0,0
W02142,Outbound-South,outbound,8,2.81,0,0
W02143,Inbound-B,inbound,1,0.38,0,1
W02144,Inbound-A,inbound,2,0.15,0,1
W02145,Outbound-South,outbound,6,1.98,0,0
W02146,Inbound-B,inbound,2,1.15,0,0
W02147,Inbound-A,inbound,2,0.43,0,1
W02148,Outbound-North,outbound,7,1.05,0,0
W02149,Outbound-North,outbound,7,0.86,0,1
W02150,Inbound-B,inbound,4,0.62,0,1
W02151,Outbound-North,outbound,5,2.08,0,0
W02152,Outbound-North,outbound,7,2.34,0,0
W02153,Returns,return,7,1.32,0,0
W02154,Outbound-South,outbound,6,2.38,0,0
W02155,Outbound-South,outbound,6,0.0,0,1
W02156,Outbound-North,outbound,5,2.22,0,0
W02157,Inbound-B,inbound,2,1.23,1,0
W02158,Outbound-North,outbound,7,1.05,0,0
W02159,Outbound-South,outbound,7,4.33,1,0
W02160,Outbound-North,outbound,7,0.41,0,1
W02161,Inbound-B,inbound,4,2.92,0,0
W02162,Inbound-A,inbound,7,1.88,0,0
W02163,Outbound-South,outbound,3,1.6,0,0
W02164,Returns,return,4,0.02,0,1
W02165,Outbound-South,outbound,1,2.99,0,0
W02166,Inbound-A,inbound,4,0,0,1
W02167,Outbound-South,outbound,3,2.07,0,0
W02168,Inbound-A,inbound,7,0.42,0,1
W02169,Outbound-South,outbound,1,0.27,0,1
W02170,Outbound-North,outbound,4,0.45,0,1
W02171,Outbound-South,outbound,6,2.34,0,0
W02172,Outbound-North,outbound,4,2.73,0,0
W02173,Outbound-North,outbound,1,2.34,0,0
W02174,Inbound-A,inbound,3,1.62,0,0
W02175,Outbound-North,outbound,7,1.51,0,0
W02176,Outbound-North,outbound,6,1.71,0,0
W02177,Outbound-North,outbound,3,2.19,0,0
W02178,Inbound-A,inbound,2,0,0,1
W02179,Outbound-South,outbound,7,2.09,0,0
W02180,Outbound-North,outbound,3,1.36,0,0
W02181,Outbound-North,outbound,4,1.67,0,0
W02182,Outbound-South,outbound,3,3.4,0,0
W02183,Returns,return,1,0.0,0,1
W02184,Inbound-B,inbound,4,1.63,0,0
W02185,Outbound-South,outbound,5,2.8,0,0
W02186,Returns,return,8,1.5,0,0
W02187,Inbound-B,inbound,8,0.97,0,1
W02188,Inbound-A,inbound,3,0.53,0,1
W02189,Outbound-North,outbound,6,0,0,1
W02190,Returns,return,1,1.29,0,0
W02191,Inbound-B,inbound,7,2.23,0,0
W02192,Outbound-South,outbound,1,0.0,0,1
W02193,Outbound-North,outbound,8,0.58,0,1
W02194,Inbound-A,inbound,8,0.03,0,1
W02195,Outbound-North,outbound,1,1.67,0,0
W02196,Outbound-North,outbound,4,1.29,0,0
W02197,Returns,return,3,0.0,0,1
W02198,Outbound-South,outbound,4,2.7,0,0
W02199,Outbound-North,outbound,7,0,0,1
W02200,Outbound-South,outbound,3,3.57,0,0
W02201,Outbound-North,outbound,5,2.82,0,0
W02202,Outbound-North,outbound,3,1.03,0,0
W02203,Inbound-B,inbound,8,0,0,1
W02204,Outbound-South,outbound,5,3.0,0,0
W02205,Outbound-South,outbound,2,0.0,0,1
W02206,Returns,return,3,1.4,0,0
W02207,Inbound-A,inbound,4,1.51,0,0
W02208,Inbound-B,inbound,1,0.64,0,1
W02209,Outbound-North,outbound,7,0,0,1
W02210,Outbound-North,outbound,1,2.53,0,0
W02211,Outbound-South,outbound,6,1.21,0,0
W02212,Outbound-South,outbound,8,3.8,0,0
W02213,Outbound-South,outbound,7,2.01,0,0
W02214,Inbound-A,inbound,4,1.04,0,0
W02215,Outbound-North,outbound,7,0,0,1
W02216,Inbound-B,inbound,8,0.84,0,1
W02217,Inbound-B,inbound,8,0,0,1
W02218,Inbound-A,inbound,4,0,0,1
W02219,Outbound-North,outbound,8,2.1,0,0
W02220,Returns,return,5,3.31,0,0
W02221,Inbound-B,inbound,4,0.92,0,1
W02222,Outbound-North,outbound,5,1.86,0,0
W02223,Returns,return,6,0.03,0,1
W02224,Inbound-B,inbound,4,1.43,0,0
W02225,Inbound-A,inbound,1,2.48,0,0
W02226,Outbound-South,outbound,6,3.06,0,0
W02227,Inbound-B,inbound,1,0,0,1
W02228,Inbound-A,inbound,5,1.1,0,0
W02229,Outbound-South,outbound,7,1.24,0,0
W02230,Inbound-A,inbound,7,0.06,0,1
W02231,Inbound-B,inbound,2,1.91,0,0
W02232,Inbound-B,inbound,3,0.78,0,1
W02233,Inbound-B,inbound,3,1.64,0,0
W02234,Outbound-North,outbound,3,3.7,0,0
W02235,Inbound-A,inbound,3,0,0,1
W02236,Inbound-A,inbound,6,0,0,1
W02237,Outbound-South,outbound,4,0.98,0,1
W02238,Outbound-South,outbound,4,2.65,0,0
W02239,Outbound-North,outbound,6,0.59,0,1
W02240,Outbound-North,outbound,3,0,0,1
W02241,Outbound-North,outbound,7,1.72,0,0
W02242,Outbound-South,outbound,8,0.0,0,1
W02243,Inbound-A,inbound,2,1.08,0,0
W02244,Outbound-South,outbound,8,2.11,0,0
W02245,Inbound-A,inbound,7,2.29,0,0
W02246,Outbound-North,outbound,1,3.62,0,0
W02247,Outbound-North,outbound,8,2.13,0,0
W02248,Inbound-A,inbound,1,0,0,1
W02249,Outbound-South,outbound,1,2.86,0,0
W02250,Outbound-North,outbound,1,0.42,0,1
W02251,Outbound-South,outbound,7,4.28,0,0
W02252,Inbound-A,inbound,4,0,0,1
W02253,Outbound-North,outbound,5,1.46,0,0
W02254,Outbound-North,outbound,1,1.73,0,0
W02255,Outbound-South,outbound,8,0.09,0,1
W02256,Outbound-North,outbound,3,0.51,0,1
W02257,Returns,return,5,3.6,0,0
W02258,Inbound-A,inbound,5,1.96,0,0
W02259,Outbound-North,outbound,4,0,0,1
W02260,Inbound-A,inbound,5,0,0,1
W02261,Inbound-A,inbound,4,1.9,0,0
W02262,Outbound-North,outbound,5,3.64,0,0
W02263,Outbound-North,outbound,2,0.07,0,1
W02264,Inbound-B,inbound,2,0.86,0,1
W02265,Outbound-South,outbound,2,0.0,0,1
W02266,Outbound-South,outbound,5,2.59,0,0
W02267,Outbound-South,outbound,5,2.95,0,0
W02268,Outbound-South,outbound,3,2.53,0,0
W02269,Outbound-North,outbound,7,1.4,0,0
W02270,Outbound-North,outbound,3,1.05,0,0
W02271,Returns,return,8,3.0,0,0
W02272,Inbound-A,inbound,4,1.75,0,0
W02273,Outbound-South,outbound,3,0.6,0,1
W02274,Inbound-A,inbound,7,1.78,0,0
W02275,Inbound-B,inbound,5,0.83,0,1
W02276,Outbound-North,outbound,5,1.05,0,0
W02277,Inbound-B,inbound,6,0,0,1
W02278,Inbound-B,inbound,6,2.43,0,0
W02279,Inbound-A,inbound,3,0.27,0,1
W02280,Outbound-South,outbound,3,1.95,1,0
W02281,Outbound-South,outbound,5,3.24,0,0
W02282,Inbound-A,inbound,5,0.74,0,1
W02283,Outbound-North,outbound,2,1.64,0,0
W02284,Outbound-South,outbound,4,0.0,0,1
W02285,Outbound-South,outbound,6,1.35,0,0
W02286,Outbound-North,outbound,4,1.35,0,0
W02287,Returns,return,3,0.44,0,1
W02288,Returns,return,3,4.05,0,0
W02289,Inbound-A,inbound,2,0.57,0,1
W02290,Inbound-A,inbound,6,1.03,0,0
W02291,Inbound-A,inbound,8,0.99,0,1
W02292,Inbound-B,inbound,7,0.38,0,1
W02293,Inbound-A,inbound,7,0.28,0,1
W02294,Outbound-South,outbound,1,2.58,0,0
W02295,Inbound-A,inbound,6,1.2,0,0
W02296,Returns,return,4,1.78,0,0
W02297,Outbound-North,outbound,8,0.41,0,1
W02298,Inbound-B,inbound,8,0.48,0,1
W02299,Inbound-B,inbound,1,0,0,1
W02300,Outbound-North,outbound,5,0.72,0,1
W02301,Outbound-North,outbound,4,2.06,0,0
W02302,Inbound-A,inbound,3,0,0,1
W02303,Outbound-North,outbound,5,3.33,0,0
W02304,Inbound-B,inbound,1,1.03,0,0
W02305,Inbound-B,inbound,5,0.51,0,1
W02306,Outbound-North,outbound,5,3.29,0,0
W02307,Outbound-North,outbound,6,1.34,0,0
W02308,Inbound-A,inbound,7,1.58,0,0
W02309,Outbound-South,outbound,6,1.41,0,0
W02310,Outbound-South,outbound,2,2.98,0,0
W02311,Inbound-B,inbound,1,3.38,0,0
W02312,Outbound-South,outbound,3,5.4,0,0
W02313,Outbound-North,outbound,8,2.82,0,0
W02314,Inbound-A,inbound,5,1.06,0,0
W02315,Outbound-South,outbound,2,1.24,0,0
W02316,Returns,return,8,0.26,0,1
W02317,Inbound-A,inbound,4,1.58,0,0
W02318,Inbound-A,inbound,4,0.38,0,1
W02319,Inbound-A,inbound,6,0,0,1
W02320,Outbound-South,outbound,2,0.0,0,1
W02321,Outbound-South,outbound,4,1.76,0,0
W02322,Inbound-A,inbound,6,0.54,0,1
W02323,Inbound-B,inbound,3,0.85,0,1
W02324,Outbound-North,outbound,8,1.58,0,0
W02325,Inbound-B,inbound,6,3.04,1,0
W02326,Inbound-A,inbound,1,0.11,0,1
W02327,Inbound-B,inbound,6,1.51,0,0
W02328,Outbound-North,outbound,3,1.07,0,0
W02329,Outbound-South,outbound,8,2.28,0,0
W02330,Inbound-B,inbound,1,0.95,0,1
W02331,Inbound-A,inbound,8,0,0,1
W02332,Outbound-North,outbound,8,0,0,1
W02333,Outbound-South,outbound,1,2.58,0,0
W02334,Outbound-South,outbound,8,0.61,0,1
W02335,Outbound-North,outbound,8,0.49,0,1
W02336,Outbound-North,outbound,6,3.61,0,0
W02337,Inbound-B,inbound,1,0.7,1,1
W02338,Outbound-South,outbound,3,0.0,0,1
W02339,Outbound-North,outbound,8,0.88,0,1
W02340,Outbound-North,outbound,7,2.46,0,0
W02341,Inbound-B,inbound,8,0,0,1
W02342,Outbound-South,outbound,8,1.17,0,0
W02343,Inbound-B,inbound,1,0.89,0,1
W02344,Outbound-North,outbound,6,1.26,0,0
W02345,Inbound-B,inbound,6,1.58,0,0
W02346,Outbound-South,outbound,6,1.68,0,0
W02347,Outbound-North,outbound,2,2.06,0,0
W02348,Inbound-A,inbound,7,0,0,1
W02349,Outbound-South,outbound,3,3.49,0,0
W02350,Inbound-A,inbound,6,1.06,0,0
W02351,Outbound-South,outbound,7,4.22,0,0
W02352,Outbound-South,outbound,3,2.29,0,0
W02353,Outbound-South,outbound,7,2.39,0,0
W02354,Outbound-North,outbound,4,2.35,0,0
W02355,Outbound-North,outbound,1,1.19,0,0
W02356,Inbound-B,inbound,1,0.89,0,1
W02357,Outbound-South,outbound,8,1.98,0,0
W02358,Inbound-A,inbound,8,2.37,0,0
W02359,Outbound-South,outbound,3,0.0,0,1
W02360,Inbound-A,inbound,7,3.0,0,0
W02361,Inbound-A,inbound,5,0,0,1
W02362,Outbound-South,outbound,2,5.13,0,0
W02363,Inbound-B,inbound,5,1.32,0,0
W02364,Outbound-South,outbound,6,2.42,0,0
W02365,Inbound-B,inbound,6,2.14,0,0
W02366,Outbound-South,outbound,4,0.39,0,1
W02367,Outbound-North,outbound,4,2.94,0,0
W02368,Inbound-A,inbound,3,2.36,0,0
W02369,Returns,return,8,2.74,0,0
W02370,Outbound-South,outbound,2,2.56,0,0
W02371,Outbound-South,outbound,8,0.26,0,1
W02372,Outbound-South,outbound,1,2.09,0,0
W02373,Inbound-B,inbound,5,1.24,0,0
W02374,Outbound-South,outbound,2,1.36,0,0
W02375,Outbound-North,outbound,8,2.32,0,0
W02376,Outbound-South,outbound,4,2.42,0,0
W02377,Outbound-South,outbound,2,3.68,0,0
W02378,Outbound-South,outbound,5,5.03,0,0
W02379,Inbound-B,inbound,4,0,0,1
W02380,Outbound-South,outbound,4,0.48,0,1
W02381,Outbound-North,outbound,1,1.65,0,0
W02382,Outbound-North,outbound,5,0.89,0,1
W02383,Returns,return,3,0.0,0,1
W02384,Inbound-B,inbound,7,0,0,1
W02385,Inbound-A,inbound,7,1.74,0,0
W02386,Returns,return,1,0.55,0,1
W02387,Outbound-North,outbound,8,1.21,0,0
W02388,Returns,return,4,2.21,0,0
W02389,Outbound-North,outbound,7,0.45,0,1
W02390,Outbound-North,outbound,5,1.99,0,0
W02391,Outbound-North,outbound,4,1.6,0,0
W02392,Outbound-South,outbound,6,1.69,0,0
W02393,Inbound-B,inbound,2,0.14,0,1
W02394,Outbound-North,outbound,4,0,0,1
W02395,Returns,return,3,2.49,0,0
W02396,Outbound-North,outbound,6,0.57,0,1
W02397,Outbound-North,outbound,3,2.77,0,0
W02398,Outbound-South,outbound,8,1.25,0,0
W02399,Outbound-North,outbound,7,0.01,0,1
W02400,Outbound-North,outbound,8,3.81,0,0
W02401,Outbound-South,outbound,8,1.12,0,0
W02402,Outbound-North,outbound,2,0,0,1
W02403,Inbound-A,inbound,7,0.6,0,1
W02404,Outbound-North,outbound,2,1.76,0,0
W02405,Outbound-North,outbound,6,0,0,1
W02406,Outbound-South,outbound,6,0.49,0,1
W02407,Inbound-A,inbound,3,0,0,1
W02408,Inbound-B,inbound,6,0,0,1
W02409,Outbound-North,outbound,6,1.79,0,0
W02410,Outbound-South,outbound,4,0.0,0,1
W02411,Outbound-North,outbound,8,1.22,0,0
W02412,Outbound-North,outbound,7,1.04,0,0
W02413,Inbound-A,inbound,2,0,0,1
W02414,Returns,return,2,1.75,0,0
W02415,Inbound-B,inbound,3,0.45,0,1
W02416,Outbound-North,outbound,4,1.64,0,0
W02417,Inbound-B,inbound,4,0,1,1
W02418,Inbound-A,inbound,8,0,0,1
W02419,Inbound-B,inbound,8,0.61,0,1
W02420,Outbound-South,outbound,6,1.04,0,0
W02421,Inbound-A,inbound,3,2.41,0,0
W02422,Outbound-South,outbound,6,3.14,0,0
W02423,Outbound-South,outbound,4,0.76,0,1
W02424,Outbound-North,outbound,1,1.81,0,0
W02425,Outbound-South,outbound,6,1.96,0,0
W02426,Outbound-North,outbound,5,1.01,0,0
W02427,Inbound-B,inbound,4,0.89,0,1
W02428,Returns,return,1,1.41,0,0
W02429,Inbound-A,inbound,8,0,0,1
W02430,Outbound-South,outbound,5,0.0,0,1
W02431,Outbound-South,outbound,2,2.29,0,0
W02432,Inbound-B,inbound,4,1.07,0,0
W02433,Outbound-South,outbound,3,0.0,0,1
W02434,Outbound-North,outbound,2,0.34,0,1
W02435,Inbound-A,inbound,5,1.45,0,0
W02436,Outbound-South,outbound,5,1.59,0,0
W02437,Outbound-South,outbound,1,4.57,0,0
W02438,Outbound-South,outbound,4,0.05,0,1
W02439,Inbound-B,inbound,2,0,0,1
W02440,Outbound-North,outbound,7,0.97,0,1
W02441,Inbound-B,inbound,2,1.9,0,0
W02442,Outbound-North,outbound,1,0.16,0,1
W02443,Outbound-North,outbound,5,0.91,0,1
W02444,Outbound-North,outbound,7,1.2,0,0
W02445,Inbound-B,inbound,8,0,0,1
W02446,Outbound-North,outbound,3,1.17,0,0
W02447,Outbound-South,outbound,4,0.0,1,1
W02448,Outbound-South,outbound,3,0.78,0,1
W02449,Outbound-South,outbound,5,0.97,0,1
W02450,Outbound-South,outbound,4,1.11,0,0
W02451,Inbound-A,inbound,6,0.71,0,1
W02452,Outbound-North,outbound,4,2.94,0,0
W02453,Outbound-South,outbound,8,0.56,0,1
W02454,Inbound-A,inbound,7,1.16,0,0
W02455,Outbound-North,outbound,3,0.76,0,1
W02456,Outbound-North,outbound,5,1.01,0,0
W02457,Outbound-North,outbound,6,0,1,1
W02458,Outbound-North,outbound,3,1.83,0,0
W02459,Outbound-South,outbound,1,1.2,0,0
W02460,Inbound-B,inbound,2,0.34,0,1
W02461,Outbound-South,outbound,5,0.29,0,1
W02462,Outbound-South,outbound,2,2.45,0,0
W02463,Inbound-A,inbound,6,1.31,0,0
W02464,Outbound-North,outbound,1,2.21,0,0
W02465,Returns,return,5,3.3,0,0
W02466,Inbound-A,inbound,4,0,0,1
W02467,Outbound-South,outbound,3,1.32,1,0
W02468,Inbound-A,inbound,6,0,0,1
W02469,Outbound-South,outbound,7,2.82,0,0
W02470,Inbound-A,inbound,4,0.25,0,1
W02471,Outbound-South,outbound,2,1.24,0,0
W02472,Outbound-North,outbound,1,1.81,0,0
W02473,Outbound-North,outbound,2,2.89,0,0
W02474,Returns,return,1,2.29,0,0
W02475,Inbound-A,inbound,8,1.42,0,0
W02476,Outbound-North,outbound,8,0.91,0,1
W02477,Inbound-A,inbound,1,0.26,0,1
W02478,Inbound-A,inbound,5,0,0,1
W02479,Outbound-North,outbound,2,1.89,0,0
W02480,Outbound-North,outbound,3,1.41,0,0
W02481,Inbound-B,inbound,4,1.93,0,0
W02482,Inbound-A,inbound,1,2.53,0,0
W02483,Inbound-B,inbound,8,0.21,0,1
W02484,Returns,return,1,1.78,0,0
W02485,Outbound-South,outbound,8,0.92,0,1
W02486,Returns,return,1,1.39,0,0
W02487,Inbound-B,inbound,7,0,0,1
W02488,Inbound-B,inbound,6,2.14,0,0
W02489,Outbound-North,outbound,6,0.73,1,1
W02490,Inbound-B,inbound,3,0.55,0,1
W02491,Outbound-North,outbound,2,0.42,0,1
W02492,Inbound-B,inbound,1,0,0,1
W02493,Returns,return,5,2.34,0,0
W02494,Outbound-South,outbound,5,2.54,0,0
W02495,Inbound-B,inbound,7,0,0,1
W02496,Outbound-North,outbound,6,3.93,0,0
W02497,Outbound-South,outbound,6,0.0,0,1
W02498,Returns,return,2,0.57,0,1
W02499,Outbound-South,outbound,5,3.44,1,0
W02500,Outbound-North,outbound,1,2.76,0,0
W02501,Outbound-South,outbound,8,1.61,0,0
W02502,Outbound-South,outbound,8,1.47,0,0
W02503,Outbound-North,outbound,5,3.94,0,0
W02504,Outbound-South,outbound,4,3.13,0,0
W02505,Inbound-A,inbound,2,0,0,1
W02506,Outbound-South,outbound,7,4.74,0,0
W02507,Outbound-North,outbound,5,0.34,0,1
W02508,Outbound-South,outbound,4,1.91,0,0
W02509,Inbound-A,inbound,7,0.27,0,1
W02510,Outbound-North,outbound,6,3.07,0,0
W02511,Outbound-South,outbound,2,0.22,0,1
W02512,Inbound-A,inbound,6,1.43,0,0
W02513,Inbound-A,inbound,1,0.29,0,1
W02514,Outbound-North,outbound,7,2.06,0,0
W02515,Inbound-A,inbound,1,0.62,0,1
W02516,Outbound-North,outbound,8,1.05,0,0
W02517,Outbound-North,outbound,3,2.83,0,0
W02518,Inbound-A,inbound,1,1.59,0,0
W02519,Outbound-South,outbound,1,3.1,0,0
W02520,Outbound-North,outbound,6,0.7,0,1
W02521,Inbound-B,inbound,8,1.85,0,0
W02522,Inbound-B,inbound,6,1.08,0,0
W02523,Inbound-A,inbound,1,1.15,0,0
W02524,Inbound-B,inbound,5,2.77,0,0
W02525,Outbound-South,outbound,2,2.44,0,0
W02526,Inbound-A,inbound,3,0.72,0,1
W02527,Returns,return,6,0.0,0,1
W02528,Inbound-B,inbound,1,1.32,0,0
W02529,Inbound-A,inbound,1,1.18,0,0
W02530,Outbound-North,outbound,1,1.63,0,0
W02531,Outbound-South,outbound,6,3.32,0,0
W02532,Returns,return,2,2.68,0,0
W02533,Inbound-B,inbound,7,0.33,0,1
W02534,Inbound-B,inbound,1,0.66,0,1
W02535,Inbound-B,inbound,6,0.35,0,1
W02536,Returns,return,4,2.53,0,0
W02537,Inbound-A,inbound,2,1.36,0,0
W02538,Outbound-North,outbound,5,1.43,0,0
W02539,Outbound-South,outbound,5,1.65,0,0
W02540,Outbound-North,outbound,1,1.29,0,0
W02541,Inbound-A,inbound,1,1.65,0,0
W02542,Outbound-South,outbound,3,3.11,0,0
W02543,Outbound-North,outbound,3,0,0,1
W02544,Inbound-A,inbound,2,0.89,0,1
W02545,Inbound-B,inbound,4,0.85,0,1
W02546,Outbound-South,outbound,2,0.0,1,1
W02547,Outbound-North,outbound,7,0.91,0,1
W02548,Returns,return,3,0.0,0,1
W02549,Outbound-North,outbound,5,0,1,1
W02550,Outbound-South,outbound,1,0.0,0,1
W02551,Outbound-South,outbound,1,1.71,0,0
W02552,Inbound-A,inbound,7,2.05,0,0
W02553,Returns,return,6,1.72,0,0
W02554,Outbound-North,outbound,6,2.3,0,0
W02555,Inbound-A,inbound,1,0,0,1
W02556,Inbound-A,inbound,3,0,0,1
W02557,Outbound-North,outbound,7,0.39,0,1
W02558,Inbound-A,inbound,2,2.32,0,0
W02559,Outbound-South,outbound,1,2.81,0,0
W02560,Outbound-North,outbound,6,0.82,0,1
W02561,Inbound-B,inbound,3,0,0,1
W02562,Outbound-North,outbound,2,2.42,1,0
W02563,Outbound-North,outbound,2,2.13,0,0
W02564,Inbound-B,inbound,1,2.16,0,0
W02565,Outbound-North,outbound,8,3.37,0,0
W02566,Outbound-North,outbound,4,1.83,0,0
W02567,Inbound-B,inbound,4,1.5,0,0
W02568,Outbound-South,outbound,6,1.57,0,0
W02569,Outbound-North,outbound,3,1.95,0,0
W02570,Inbound-B,inbound,8,0.53,0,1
W02571,Inbound-A,inbound,3,0.36,0,1
W02572,Outbound-South,outbound,2,1.12,0,0
W02573,Inbound-A,inbound,3,1.4,0,0
W02574,Outbound-North,outbound,7,2.34,0,0
W02575,Outbound-North,outbound,1,3.76,0,0
W02576,Returns,return,7,0.51,0,1
W02577,Outbound-South,outbound,6,6.15,0,0
W02578,Outbound-North,outbound,5,0.03,0,1
W02579,Inbound-B,inbound,7,1.91,0,0
W02580,Inbound-B,inbound,2,0.22,0,1
W02581,Outbound-South,outbound,6,1.46,0,0
W02582,Inbound-A,inbound,1,0.96,0,1
W02583,Inbound-A,inbound,7,1.29,0,0
W02584,Outbound-North,outbound,8,1.44,0,0
W02585,Returns,return,8,1.28,0,0
W02586,Inbound-B,inbound,3,1.26,0,0
W02587,Outbound-South,outbound,3,3.69,0,0
W02588,Inbound-A,inbound,7,0.43,0,1
W02589,Outbound-South,outbound,8,4.62,0,0
W02590,Returns,return,5,0.11,0,1
W02591,Returns,return,5,1.7,0,0
W02592,Inbound-B,inbound,5,1.67,0,0
W02593,Outbound-South,outbound,5,4.48,0,0
W02594,Outbound-South,outbound,3,0.75,0,1
W02595,Inbound-A,inbound,1,1.51,0,0
W02596,Outbound-North,outbound,2,0.91,1,1
W02597,Returns,return,4,1.24,0,0
W02598,Outbound-North,outbound,7,0.35,0,1
W02599,Outbound-South,outbound,2,2.5,0,0
W02600,Outbound-North,outbound,5,0.28,0,1
W02601,Outbound-North,outbound,4,0.95,0,1
W02602,Inbound-A,inbound,1,0.5,0,1
W02603,Inbound-A,inbound,1,0.2,0,1
W02604,Outbound-South,outbound,2,2.04,0,0
W02605,Inbound-A,inbound,2,0.01,0,1
W02606,Inbound-B,inbound,6,3.69,0,0
W02607,Outbound-South,outbound,5,2.41,0,0
W02608,Outbound-South,outbound,4,1.47,0,0
W02609,Returns,return,1,2.19,0,0
W02610,Outbound-South,outbound,8,2.4,0,0
W02611,Outbound-South,outbound,2,1.3,0,0
W02612,Outbound-North,outbound,1,0.79,0,1
W02613,Inbound-A,inbound,4,3.09,0,0
W02614,Outbound-North,outbound,6,1.36,0,0
W02615,Inbound-B,inbound,4,0,0,1
W02616,Outbound-South,outbound,4,0.71,0,1
W02617,Inbound-B,inbound,5,1.85,0,0
W02618,Outbound-South,outbound,2,2.18,0,0
W02619,Inbound-A,inbound,1,0,0,1
W02620,Inbound-B,inbound,3,4.85,0,0
W02621,Inbound-B,inbound,2,0.7,0,1
W02622,Inbound-B,inbound,1,2.12,0,0
W02623,Inbound-A,inbound,7,0.54,0,1
W02624,Outbound-North,outbound,2,0,0,1
W02625,Inbound-A,inbound,8,0.91,1,1
W02626,Outbound-North,outbound,1,1.52,0,0
W02627,Inbound-A,inbound,6,0.79,0,1
W02628,Returns,return,5,0.0,0,1
W02629,Outbound-North,outbound,6,0,0,1
W02630,Inbound-B,inbound,8,0.56,0,1
W02631,Inbound-B,inbound,7,1.18,0,0
W02632,Inbound-B,inbound,1,0,0,1
W02633,Inbound-A,inbound,8,1.97,0,0
W02634,Outbound-South,outbound,4,0.0,0,1
W02635,Inbound-B,inbound,1,1.47,0,0
W02636,Returns,return,4,2.2,0,0
W02637,Outbound-North,outbound,8,3.03,0,0
W02638,Returns,return,4,4.0,0,0
W02639,Outbound-South,outbound,8,1.31,0,0
W02640,Outbound-North,outbound,7,1.52,0,0
W02641,Inbound-A,inbound,1,0.54,0,1
W02642,Outbound-North,outbound,7,0,0,1
W02643,Outbound-South,outbound,4,1.76,0,0
W02644,Outbound-North,outbound,2,1.37,0,0
W02645,Outbound-South,outbound,1,3.19,0,0
W02646,Outbound-North,outbound,7,1.55,0,0
W02647,Outbound-North,outbound,6,0.56,0,1
W02648,Inbound-A,inbound,5,2.34,0,0
W02649,Inbound-A,inbound,2,2.73,0,0
W02650,Outbound-South,outbound,8,3.18,0,0
W02651,Outbound-North,outbound,8,2.01,0,0
W02652,Outbound-South,outbound,2,1.32,0,0
W02653,Inbound-A,inbound,7,1.34,0,0
W02654,Inbound-A,inbound,6,0.78,0,1
W02655,Inbound-A,inbound,7,1.35,0,0
W02656,Outbound-North,outbound,7,1.31,0,0
W02657,Inbound-B,inbound,5,0.73,0,1
W02658,Inbound-B,inbound,5,1.33,0,0
W02659,Outbound-South,outbound,1,5.14,0,0
W02660,Returns,return,8,2.08,0,0
W02661,Outbound-South,outbound,2,1.84,0,0
W02662,Outbound-North,outbound,4,1.53,0,0
W02663,Inbound-A,inbound,5,0.42,0,1
W02664,Outbound-North,outbound,3,0,0,1
W02665,Inbound-B,inbound,7,1.06,0,0
W02666,Outbound-South,outbound,7,0.29,0,1
W02667,Inbound-A,inbound,6,0,0,1
W02668,Returns,return,1,0.0,0,1
W02669,Outbound-South,outbound,6,0.87,0,1
W02670,Inbound-B,inbound,1,1.08,0,0
W02671,Inbound-A,inbound,4,0.77,0,1
W02672,Outbound-South,outbound,8,3.5,0,0
W02673,Outbound-North,outbound,8,0.08,0,1
W02674,Inbound-A,inbound,5,0,0,1
W02675,Inbound-A,inbound,6,3.01,0,0
W02676,Inbound-A,inbound,2,1.99,0,0
W02677,Outbound-South,outbound,8,2.55,0,0
W02678,Outbound-North,outbound,4,0,0,1
W02679,Outbound-South,outbound,5,0.19,0,1
W02680,Outbound-North,outbound,4,2.45,1,0
W02681,Inbound-B,inbound,4,0,0,1
W02682,Inbound-B,inbound,3,0,0,1
W02683,Inbound-A,inbound,5,0.98,0,1
W02684,Outbound-North,outbound,7,0.8,0,1
W02685,Returns,return,4,1.71,0,0
W02686,Outbound-South,outbound,5,2.09,0,0
W02687,Inbound-A,inbound,7,1.87,0,0
W02688,Outbound-South,outbound,5,2.94,0,0
W02689,Outbound-North,outbound,4,0,0,1
W02690,Inbound-A,inbound,6,0.27,0,1
W02691,Inbound-A,inbound,6,0.78,0,1
W02692,Inbound-A,inbound,3,2.54,0,0
W02693,Inbound-A,inbound,5,0.71,0,1
W02694,Outbound-South,outbound,4,2.15,0,0
W02695,Returns,return,3,1.43,0,0
W02696,Inbound-B,inbound,4,0.85,0,1
W02697,Inbound-A,inbound,7,0,0,1
W02698,Inbound-B,inbound,6,0.09,0,1
W02699,Outbound-North,outbound,5,2.7,0,0
W02700,Inbound-A,inbound,1,0,0,1
W02701,Outbound-North,outbound,2,1.21,0,0
W02702,Outbound-North,outbound,1,2.82,0,0
W02703,Outbound-North,outbound,5,1.98,0,0
W02704,Outbound-South,outbound,3,0.5,0,1
W02705,Outbound-South,outbound,4,1.06,0,0
W02706,Outbound-South,outbound,4,0.44,0,1
W02707,Outbound-South,outbound,5,2.77,0,0
W02708,Inbound-A,inbound,5,0.97,0,1
W02709,Inbound-B,inbound,8,0.85,0,1
W02710,Inbound-B,inbound,5,0.01,0,1
W02711,Outbound-South,outbound,7,0.89,0,1
W02712,Outbound-North,outbound,5,1.49,0,0
W02713,Outbound-North,outbound,8,0.76,0,1
W02714,Inbound-B,inbound,7,0,0,1
W02715,Outbound-North,outbound,4,3.79,0,0
W02716,Inbound-B,inbound,5,0,0,1
W02717,Inbound-A,inbound,4,0.44,0,1
W02718,Inbound-A,inbound,3,0,0,1
W02719,Inbound-A,inbound,6,1.85,0,0
W02720,Inbound-A,inbound,2,0,0,1
W02721,Outbound-South,outbound,6,2.58,0,0
W02722,Returns,return,6,0.0,0,1
W02723,Outbound-North,outbound,5,2.43,0,0
W02724,Outbound-South,outbound,5,0.09,0,1
W02725,Inbound-B,inbound,5,1.71,0,0
W02726,Outbound-South,outbound,4,2.77,0,0
W02727,Inbound-B,inbound,2,0,0,1
W02728,Inbound-A,inbound,6,0,1,1
W02729,Outbound-South,outbound,2,3.44,0,0
W02730,Inbound-B,inbound,1,0,0,1
W02731,Inbound-A,inbound,1,1.58,0,0
W02732,Inbound-A,inbound,8,1.63,0,0
W02733,Inbound-A,inbound,4,0.47,0,1
W02734,Outbound-South,outbound,1,0.0,0,1
W02735,Inbound-A,inbound,8,0.4,0,1
W02736,Outbound-North,outbound,5,0.48,0,1
W02737,Outbound-North,outbound,2,0.88,0,1
W02738,Outbound-South,outbound,4,0.88,0,1
W02739,Outbound-North,outbound,5,1.01,0,0
W02740,Inbound-B,inbound,5,0.7,0,1
W02741,Outbound-South,outbound,8,1.33,0,0
W02742,Inbound-B,inbound,1,0,0,1
W02743,Inbound-B,inbound,4,1.78,0,0
W02744,Outbound-North,outbound,2,3.78,0,0
W02745,Inbound-A,inbound,1,1.47,0,0
W02746,Outbound-South,outbound,6,2.56,0,0
W02747,Inbound-A,inbound,8,0,0,1
W02748,Outbound-South,outbound,7,4.03,0,0
W02749,Inbound-A,inbound,1,1.45,0,0
W02750,Returns,return,2,0.0,0,1
W02751,Outbound-North,outbound,4,1.98,0,0
W02752,Outbound-South,outbound,7,1.98,0,0
W02753,Inbound-B,inbound,8,0,0,1
W02754,Inbound-B,inbound,6,1.45,0,0
W02755,Outbound-South,outbound,7,0.65,0,1
W02756,Outbound-South,outbound,2,2.59,0,0
W02757,Outbound-North,outbound,1,2.7,0,0
W02758,Outbound-North,outbound,6,0,0,1
W02759,Inbound-B,inbound,7,2.08,0,0
W02760,Inbound-A,inbound,8,0.67,0,1
W02761,Outbound-South,outbound,8,1.7,0,0
W02762,Outbound-South,outbound,4,4.05,0,0
W02763,Inbound-B,inbound,4,0.76,0,1
W02764,Outbound-North,outbound,6,0.75,0,1
W02765,Outbound-South,outbound,8,2.3,0,0
W02766,Outbound-South,outbound,2,3.62,0,0
W02767,Outbound-South,outbound,2,1.71,0,0
W02768,Outbound-South,outbound,3,1.75,0,0
W02769,Outbound-South,outbound,8,1.53,0,0
W02770,Inbound-B,inbound,3,0.04,0,1
W02771,Outbound-North,outbound,6,0.68,0,1
W02772,Returns,return,2,3.57,0,0
W02773,Outbound-South,outbound,5,1.35,0,0
W02774,Outbound-North,outbound,8,1.76,0,0
W02775,Outbound-North,outbound,3,0,0,1
W02776,Outbound-South,outbound,8,4.64,0,0
W02777,Outbound-South,outbound,1,0.49,0,1
W02778,Outbound-North,outbound,6,0.06,0,1
W02779,Outbound-North,outbound,7,2.26,0,0
W02780,Inbound-A,inbound,6,0.93,0,1
W02781,Outbound-North,outbound,8,1.56,0,0
W02782,Returns,return,2,2.39,0,0
W02783,Inbound-B,inbound,7,1.19,0,0
W02784,Inbound-B,inbound,8,0.91,0,1
W02785,Outbound-South,outbound,6,3.52,0,0
W02786,Outbound-North,outbound,3,2.33,0,0
W02787,Outbound-South,outbound,3,0.76,0,1
W02788,Inbound-B,inbound,7,0,0,1
W02789,Outbound-North,outbound,2,0.73,0,1
W02790,Inbound-A,inbound,6,1.08,0,0
W02791,Inbound-B,inbound,1,0,0,1
W02792,Inbound-B,inbound,1,0.07,0,1
W02793,Returns,return,2,0.89,0,1
W02794,Outbound-North,outbound,6,0.57,0,1
W02795,Outbound-South,outbound,4,2.13,0,0
W02796,Outbound-North,outbound,1,1.14,0,0
W02797,Outbound-North,outbound,8,2.77,0,0
W02798,Inbound-B,inbound,5,0.16,0,1
W02799,Inbound-A,inbound,8,0.44,0,1
W02800,Outbound-North,outbound,4,1.86,0,0
W02801,Inbound-B,inbound,4,3.54,0,0
W02802,Inbound-B,inbound,3,1.37,0,0
W02803,Inbound-A,inbound,3,0.49,0,1
W02804,Inbound-A,inbound,8,0.24,0,1
W02805,Outbound-North,outbound,5,0.57,0,1
W02806,Outbound-North,outbound,7,0.29,0,1
W02807,Outbound-South,outbound,8,0.0,0,1
W02808,Inbound-B,inbound,3,0,0,1
W02809,Inbound-B,inbound,3,0,0,1
W02810,Inbound-B,inbound,5,0,0,1
W02811,Inbound-A,inbound,3,0.11,0,1
W02812,Outbound-South,outbound,4,3.54,0,0
W02813,Inbound-A,inbound,2,0,0,1
W02814,Outbound-North,outbound,3,1.78,0,0
W02815,Inbound-B,inbound,1,2.53,0,0
W02816,Outbound-South,outbound,4,3.35,0,0
W02817,Outbound-South,outbound,7,0.15,0,1
W02818,Outbound-South,outbound,4,0.62,0,1
W02819,Outbound-North,outbound,1,0.09,0,1
W02820,Outbound-North,outbound,1,3.69,0,0
W02821,Returns,return,8,0.69,0,1
W02822,Outbound-North,outbound,7,1.16,0,0
W02823,Outbound-North,outbound,6,0.25,0,1
W02824,Outbound-North,outbound,8,1.72,0,0
W02825,Outbound-North,outbound,3,1.06,0,0
W02826,Inbound-B,inbound,3,0.02,0,1
W02827,Inbound-A,inbound,2,1.41,0,0
W02828,Inbound-B,inbound,8,0.64,0,1
W02829,Outbound-South,outbound,2,4.61,0,0
W02830,Inbound-A,inbound,3,1.56,0,0
W02831,Returns,return,7,3.11,0,0
W02832,Outbound-South,outbound,4,0.0,0,1
W02833,Inbound-A,inbound,5,0.76,0,1
W02834,Inbound-A,inbound,6,0.74,0,1
W02835,Outbound-South,outbound,6,0.0,0,1
W02836,Inbound-A,inbound,1,1.24,0,0
W02837,Outbound-South,outbound,5,5.0,0,0
W02838,Outbound-North,outbound,4,1.13,0,0
W02839,Outbound-South,outbound,4,3.85,0,0
W02840,Inbound-B,inbound,7,0,0,1
W02841,Inbound-B,inbound,5,1.22,0,0
W02842,Outbound-South,outbound,2,1.2,0,0
W02843,Inbound-A,inbound,3,1.84,0,0
W02844,Inbound-A,inbound,3,2.57,1,0
W02845,Inbound-A,inbound,3,1.66,0,0
W02846,Returns,return,1,1.15,0,0
W02847,Returns,return,6,1.61,0,0
W02848,Inbound-A,inbound,7,1.72,0,0
W02849,Inbound-B,inbound,4,1.55,0,0
W02850,Outbound-North,outbound,7,0.81,0,1
W02851,Inbound-A,inbound,7,0.78,0,1
W02852,Inbound-A,inbound,4,0.98,0,1
W02853,Inbound-B,inbound,5,2.05,0,0
W02854,Outbound-South,outbound,4,1.21,0,0
W02855,Outbound-North,outbound,2,0.97,0,1
W02856,Outbound-North,outbound,4,2.11,0,0
W02857,Inbound-B,inbound,3,1.23,0,0
W02858,Outbound-North,outbound,6,1.34,0,0
W02859,Outbound-South,outbound,8,1.93,0,0
W02860,Returns,return,7,1.7,0,0
W02861,Outbound-North,outbound,6,2.96,0,0
W02862,Outbound-South,outbound,2,2.05,0,0
W02863,Inbound-A,inbound,6,0.31,0,1
W02864,Returns,return,1,2.82,0,0
W02865,Outbound-South,outbound,3,2.67,0,0
W02866,Outbound-South,outbound,2,4.72,0,0
W02867,Inbound-B,inbound,6,0,0,1
W02868,Inbound-B,inbound,8,2.11,0,0
W02869,Inbound-A,inbound,1,0.97,0,1
W02870,Outbound-North,outbound,3,0.97,0,1
W02871,Returns,return,4,0.0,0,1
W02872,Outbound-North,outbound,3,2.42,1,0
W02873,Returns,return,8,1.33,0,0
W02874,Outbound-North,outbound,4,0.22,0,1
W02875,Outbound-North,outbound,5,2.58,0,0
W02876,Inbound-A,inbound,1,1.93,1,0
W02877,Inbound-A,inbound,1,0.24,0,1
W02878,Outbound-North,outbound,1,2.39,0,0
W02879,Outbound-South,outbound,7,4.32,0,0
W02880,Inbound-A,inbound,8,1.11,1,0
W02881,Inbound-A,inbound,7,1.41,0,0
W02882,Outbound-North,outbound,7,0.72,0,1
W02883,Outbound-South,outbound,5,2.88,0,0
W02884,Inbound-A,inbound,8,1.06,0,0
W02885,Outbound-South,outbound,1,0.0,0,1
W02886,Inbound-B,inbound,6,1.65,0,0
W02887,Outbound-South,outbound,3,1.97,0,0
W02888,Inbound-A,inbound,4,1.65,0,0
W02889,Outbound-North,outbound,4,0,0,1
W02890,Outbound-South,outbound,8,3.68,0,0
W02891,Inbound-B,inbound,3,1.66,0,0
W02892,Outbound-North,outbound,1,1.18,0,0
W02893,Outbound-North,outbound,6,0.81,0,1
W02894,Outbound-North,outbound,2,0.02,0,1
W02895,Outbound-North,outbound,7,4.42,0,0
W02896,Inbound-A,inbound,3,1.74,0,0
W02897,Outbound-North,outbound,6,2.02,0,0
W02898,Inbound-B,inbound,1,0,0,1
W02899,Outbound-South,outbound,8,0.16,0,1
W02900,Inbound-A,inbound,2,0.58,0,1
W02901,Inbound-A,inbound,5,2.51,0,0
W02902,Inbound-A,inbound,3,0,0,1
W02903,Outbound-North,outbound,2,0.19,0,1
W02904,Outbound-North,outbound,6,3.33,0,0
W02905,Inbound-A,inbound,1,0,0,1
W02906,Inbound-B,inbound,1,1.01,0,0
W02907,Outbound-North,outbound,8,0.48,0,1
W02908,Outbound-South,outbound,4,3.6,0,0
W02909,Outbound-South,outbound,6,0.0,0,1
W02910,Outbound-North,outbound,6,0.5,0,1
W02911,Outbound-North,outbound,7,2.52,0,0
W02912,Returns,return,5,0.84,0,1
W02913,Outbound-South,outbound,4,0.0,0,1
W02914,Inbound-A,inbound,8,0,0,1
W02915,Inbound-A,inbound,8,1.17,0,0
W02916,Inbound-A,inbound,5,2.11,0,0
W02917,Outbound-South,outbound,4,0.2,0,1
W02918,Outbound-South,outbound,2,3.08,0,0
W02919,Outbound-North,outbound,4,0.55,0,1
W02920,Outbound-South,outbound,2,1.37,0,0
W02921,Outbound-North,outbound,4,2.07,0,0
W02922,Inbound-B,inbound,3,0,0,1
W02923,Outbound-South,outbound,6,4.51,0,0
W02924,Outbound-South,outbound,6,3.37,0,0
W02925,Inbound-B,inbound,5,0,0,1
W02926,Outbound-South,outbound,7,3.01,0,0
W02927,Outbound-North,outbound,4,1.97,0,0
W02928,Inbound-A,inbound,4,0.45,0,1
W02929,Outbound-North,outbound,7,3.27,0,0
W02930,Inbound-A,inbound,5,0.05,0,1
W02931,Returns,return,4,2.03,0,0
W02932,Inbound-B,inbound,2,0.99,0,1
W02933,Inbound-B,inbound,4,0,0,1
W02934,Inbound-A,inbound,5,2.79,0,0
W02935,Outbound-North,outbound,2,0.83,0,1
W02936,Outbound-South,outbound,5,1.69,0,0
W02937,Inbound-B,inbound,6,0.91,0,1
W02938,Outbound-North,outbound,8,1.96,0,0
W02939,Outbound-North,outbound,1,1.4,0,0
W02940,Inbound-B,inbound,2,0.03,0,1
W02941,Outbound-North,outbound,4,1.9,0,0
W02942,Inbound-B,inbound,1,0.48,0,1
W02943,Outbound-South,outbound,7,1.29,0,0
W02944,Outbound-South,outbound,8,2.02,0,0
W02945,Outbound-North,outbound,1,3.2,0,0
W02946,Inbound-A,inbound,6,0.51,0,1
W02947,Outbound-South,outbound,3,5.7,0,0
W02948,Outbound-North,outbound,2,0,0,1
W02949,Returns,return,4,1.52,0,0
W02950,Inbound-B,inbound,3,2.05,0,0
W02951,Returns,return,2,2.39,0,0
W02952,Outbound-South,outbound,8,0.77,0,1
W02953,Outbound-South,outbound,1,3.55,0,0
W02954,Inbound-B,inbound,2,0,0,1
W02955,Outbound-South,outbound,3,4.63,0,0
W02956,Outbound-South,outbound,4,0.06,0,1
W02957,Inbound-A,inbound,6,1.59,0,0
W02958,Outbound-North,outbound,3,0,0,1
W02959,Inbound-A,inbound,4,2.87,0,0
W02960,Inbound-A,inbound,3,0.49,0,1
W02961,Outbound-South,outbound,8,1.78,0,0
W02962,Inbound-A,inbound,6,0.27,0,1
W02963,Outbound-South,outbound,8,2.46,0,0
W02964,Inbound-A,inbound,8,1.39,0,0
W02965,Inbound-A,inbound,7,0.73,0,1
W02966,Outbound-South,outbound,4,5.47,0,0
W02967,Inbound-A,inbound,6,0.28,0,1
W02968,Inbound-A,inbound,1,0,0,1
W02969,Inbound-A,inbound,5,1.78,0,0
W02970,Outbound-North,outbound,8,2.94,0,0
W02971,Inbound-A,inbound,5,0.46,0,1
W02972,Inbound-B,inbound,3,0,0,1
W02973,Inbound-A,inbound,5,0,0,1
W02974,Inbound-B,inbound,1,1.9,0,0
W02975,Inbound-A,inbound,4,1.95,0,0
W02976,Inbound-B,inbound,4,0,0,1
W02977,Inbound-A,inbound,3,0.73,0,1
W02978,Outbound-North,outbound,2,0,0,1
W02979,Inbound-A,inbound,3,0,0,1
W02980,Outbound-South,outbound,8,2.28,0,0
W02981,Inbound-B,inbound,7,0.37,0,1
W02982,Outbound-South,outbound,3,0.0,0,1
W02983,Outbound-South,outbound,3,2.7,0,0
W02984,Inbound-A,inbound,2,0.13,0,1
W02985,Inbound-B,inbound,5,2.36,0,0
W02986,Inbound-A,inbound,6,2.43,0,0
W02987,Outbound-South,outbound,7,0.05,0,1
W02988,Outbound-North,outbound,1,0.8,0,1
W02989,Outbound-North,outbound,6,1.02,0,0
W02990,Outbound-North,outbound,5,1.77,0,0
W02991,Outbound-South,outbound,7,0.0,1,1
W02992,Outbound-South,outbound,2,2.23,0,0
W02993,Outbound-South,outbound,6,3.51,0,0
W02994,Inbound-B,inbound,8,1.09,0,0
W02995,Inbound-A,inbound,4,1.14,0,0
W02996,Inbound-A,inbound,5,1.02,0,0
W02997,Outbound-South,outbound,1,2.71,0,0
W02998,Outbound-South,outbound,4,2.87,0,0
W02999,Outbound-North,outbound,2,1.73,0,0
W03000,Inbound-B,inbound,6,0.77,0,1
W03001,Inbound-A,inbound,4,1.42,0,0
W03002,Outbound-North,outbound,5,2.25,0,0
W03003,Inbound-A,inbound,7,0,0,1
W03004,Outbound-South,outbound,4,1.43,0,0
W03005,Inbound-B,inbound,6,0.71,0,1
W03006,Returns,return,3,1.26,1,0
W03007,Outbound-North,outbound,1,3.69,0,0
W03008,Inbound-A,inbound,2,0,0,1
W03009,Outbound-North,outbound,7,1.88,0,0
W03010,Inbound-B,inbound,3,0.59,0,1
W03011,Outbound-South,outbound,5,3.21,0,0
W03012,Outbound-South,outbound,5,1.92,0,0
W03013,Inbound-B,inbound,8,0.74,0,1
W03014,Inbound-A,inbound,5,2.12,0,0
W03015,Outbound-South,outbound,4,1.56,0,0
W03016,Outbound-North,outbound,6,1.86,0,0
W03017,Inbound-A,inbound,7,0,0,1
W03018,Outbound-South,outbound,1,4.38,0,0
W03019,Outbound-North,outbound,6,1.71,0,0
W03020,Outbound-North,outbound,4,0,1,1
W03021,Inbound-A,inbound,4,0.43,0,1
W03022,Outbound-North,outbound,3,1.22,1,0
W03023,Inbound-B,inbound,3,0.79,0,1
W03024,Outbound-South,outbound,5,4.88,0,0
W03025,Inbound-B,inbound,1,2.33,0,0
W03026,Outbound-North,outbound,2,1.15,0,0
W03027,Outbound-South,outbound,6,0.03,0,1
W03028,Inbound-B,inbound,2,1.15,0,0
W03029,Outbound-North,outbound,8,0,0,1
W03030,Outbound-North,outbound,2,1.14,0,0
W03031,Outbound-North,outbound,4,0,0,1
W03032,Inbound-B,inbound,2,0,0,1
W03033,Outbound-South,outbound,7,1.56,0,0
W03034,Inbound-A,inbound,3,0.49,0,1
W03035,Outbound-South,outbound,5,2.15,0,0
W03036,Outbound-North,outbound,8,2.02,0,0
W03037,Inbound-B,inbound,4,1.43,0,0
W03038,Outbound-South,outbound,5,3.51,0,0
W03039,Inbound-A,inbound,3,0,0,1
W03040,Inbound-A,inbound,4,0,0,1
W03041,Inbound-A,inbound,6,1.68,0,0
W03042,Outbound-North,outbound,4,0,0,1
W03043,Inbound-B,inbound,2,0.89,0,1
W03044,Outbound-North,outbound,5,0.55,0,1
W03045,Outbound-South,outbound,1,4.91,0,0
W03046,Outbound-North,outbound,3,1.44,0,0
W03047,Inbound-A,inbound,8,0,0,1
W03048,Outbound-South,outbound,7,0.51,0,1
W03049,Inbound-A,inbound,8,0.01,0,1
W03050,Outbound-North,outbound,2,1.35,0,0
W03051,Outbound-South,outbound,4,0.79,0,1
W03052,Inbound-B,inbound,1,1.45,0,0
W03053,Outbound-South,outbound,8,1.25,0,0
W03054,Outbound-South,outbound,3,1.5,0,0
W03055,Inbound-B,inbound,8,0,0,1
W03056,Inbound-B,inbound,3,0.65,0,1
W03057,Outbound-North,outbound,1,0.89,0,1
W03058,Inbound-B,inbound,5,0,0,1
W03059,Outbound-North,outbound,6,0.24,0,1
W03060,Inbound-A,inbound,8,1.46,0,0
W03061,Outbound-South,outbound,8,4.35,0,0
W03062,Returns,return,8,1.59,0,0
W03063,Inbound-B,inbound,6,0.58,0,1
W03064,Inbound-A,inbound,8,0.09,0,1
W03065,Inbound-A,inbound,2,1.16,0,0
W03066,Outbound-South,outbound,1,2.49,0,0
W03067,Returns,return,7,1.18,0,0
W03068,Inbound-A,inbound,6,1.47,0,0
W03069,Inbound-A,inbound,3,0,0,1
W03070,Outbound-South,outbound,3,1.24,0,0
W03071,Inbound-A,inbound,7,0.91,0,1
W03072,Outbound-North,outbound,3,1.4,0,0
W03073,Inbound-A,inbound,2,0.58,0,1
W03074,Inbound-B,inbound,6,0.57,0,1
W03075,Inbound-A,inbound,7,0.68,0,1
W03076,Outbound-North,outbound,6,0.06,0,1
W03077,Inbound-A,inbound,4,3.06,0,0
W03078,Inbound-B,inbound,7,1.45,0,0
W03079,Inbound-B,inbound,1,0.88,0,1
W03080,Inbound-A,inbound,4,3.5,0,0
W03081,Outbound-South,outbound,2,3.27,0,0
W03082,Outbound-South,outbound,1,0.0,0,1
W03083,Outbound-South,outbound,2,1.62,0,0
W03084,Inbound-A,inbound,8,0,0,1
W03085,Outbound-South,outbound,1,3.13,0,0
W03086,Inbound-B,inbound,2,0.11,0,1
W03087,Outbound-North,outbound,4,0.9,0,1
W03088,Outbound-North,outbound,3,0.89,0,1
W03089,Inbound-A,inbound,6,1.44,0,0
W03090,Returns,return,8,0.79,0,1
W03091,Outbound-North,outbound,6,1.99,0,0
W03092,Outbound-North,outbound,1,1.15,0,0
W03093,Outbound-North,outbound,7,1.99,0,0
W03094,Outbound-North,outbound,3,0.99,0,1
W03095,Inbound-A,inbound,7,0,0,1
W03096,Inbound-A,inbound,4,0.67,0,1
W03097,Inbound-B,inbound,4,0,0,1
W03098,Inbound-A,inbound,1,1.51,0,0
W03099,Returns,return,1,3.07,0,0
W03100,Outbound-North,outbound,3,1.54,0,0
W03101,Outbound-North,outbound,2,0,0,1
W03102,Inbound-A,inbound,5,1.9,1,0
W03103,Inbound-A,inbound,4,1.69,0,0
W03104,Inbound-A,inbound,7,0.23,0,1
W03105,Outbound-South,outbound,2,0.0,0,1
W03106,Outbound-North,outbound,2,3.62,0,0
W03107,Outbound-North,outbound,5,0,0,1
W03108,Inbound-A,inbound,7,0,0,1
W03109,Outbound-South,outbound,2,3.22,0,0
W03110,Outbound-North,outbound,5,2.39,0,0
W03111,Outbound-North,outbound,8,2.2,0,0
W03112,Outbound-South,outbound,5,2.82,0,0
W03113,Outbound-North,outbound,7,1.1,0,0
W03114,Inbound-B,inbound,8,0.56,0,1
W03115,Outbound-South,outbound,6,4.03,0,0
W03116,Inbound-B,inbound,2,2.38,0,0
W03117,Outbound-North,outbound,5,2.16,0,0
W03118,Outbound-South,outbound,7,0.37,0,1
W03119,Outbound-North,outbound,5,1.71,0,0
W03120,Inbound-B,inbound,6,2.25,0,0
W03121,Inbound-B,inbound,1,0.5,0,1
W03122,Returns,return,8,2.75,0,0
W03123,Outbound-South,outbound,3,1.39,0,0
W03124,Outbound-South,outbound,8,4.14,0,0
W03125,Outbound-South,outbound,4,1.41,0,0
W03126,Inbound-B,inbound,2,1.32,0,0
W03127,Inbound-A,inbound,5,0.22,0,1
W03128,Inbound-B,inbound,1,0.05,0,1
W03129,Outbound-South,outbound,3,1.23,0,0
W03130,Returns,return,1,2.18,0,0
W03131,Outbound-South,outbound,6,1.86,0,0
W03132,Inbound-A,inbound,2,2.7,0,0
W03133,Outbound-North,outbound,7,0.83,0,1
W03134,Outbound-South,outbound,2,3.38,0,0
W03135,Outbound-South,outbound,3,3.04,0,0
W03136,Outbound-North,outbound,3,3.46,0,0
W03137,Inbound-A,inbound,8,1.36,0,0
W03138,Returns,return,7,0.0,0,1
W03139,Outbound-South,outbound,3,1.95,0,0
W03140,Inbound-B,inbound,1,0.1,0,1
W03141,Inbound-B,inbound,5,1.88,0,0
W03142,Inbound-B,inbound,7,0.84,0,1
W03143,Inbound-A,inbound,3,0.28,0,1
W03144,Inbound-B,inbound,1,1.79,0,0
W03145,Outbound-North,outbound,1,1.9,0,0
W03146,Outbound-North,outbound,4,1.85,0,0
W03147,Outbound-North,outbound,2,0,0,1
W03148,Outbound-North,outbound,1,2.45,0,0
W03149,Outbound-South,outbound,4,3.25,0,0
W03150,Outbound-North,outbound,1,0.99,0,1
W03151,Outbound-North,outbound,3,2.5,0,0
W03152,Outbound-South,outbound,6,1.31,0,0
W03153,Outbound-North,outbound,8,0.99,0,1
W03154,Inbound-B,inbound,4,0.7,0,1
W03155,Outbound-South,outbound,6,6.42,0,0
W03156,Outbound-South,outbound,2,0.0,0,1
W03157,Inbound-B,inbound,4,1.62,0,0
W03158,Inbound-B,inbound,4,0,0,1
W03159,Inbound-B,inbound,4,0,0,1
W03160,Outbound-South,outbound,2,3.07,0,0
W03161,Inbound-A,inbound,4,0.85,0,1
W03162,Inbound-A,inbound,2,1.93,0,0
W03163,Inbound-A,inbound,6,1.4,1,0
W03164,Outbound-North,outbound,6,2.58,0,0
W03165,Inbound-B,inbound,8,0,0,1
W03166,Outbound-North,outbound,5,0.67,0,1
W03167,Outbound-South,outbound,4,4.29,0,0
W03168,Inbound-A,inbound,8,0.56,0,1
W03169,Outbound-North,outbound,2,2.99,0,0
W03170,Inbound-B,inbound,7,2.19,0,0
W03171,Outbound-South,outbound,6,2.1,0,0
W03172,Inbound-A,inbound,7,1.12,0,0
W03173,Returns,return,8,1.92,0,0
W03174,Outbound-North,outbound,5,0.89,0,1
W03175,Inbound-A,inbound,2,0.19,0,1
W03176,Returns,return,8,2.74,0,0
W03177,Inbound-B,inbound,7,1.8,0,0
W03178,Returns,return,5,0.99,0,1
W03179,Inbound-A,inbound,6,2.83,0,0
W03180,Outbound-South,outbound,1,2.21,0,0
W03181,Outbound-South,outbound,8,3.11,0,0
W03182,Outbound-South,outbound,2,0.0,0,1
W03183,Inbound-B,inbound,2,1.17,0,0
W03184,Outbound-North,outbound,1,2.96,0,0
W03185,Outbound-North,outbound,4,2.38,0,0
W03186,Inbound-A,inbound,2,1.6,0,0
W03187,Outbound-North,outbound,3,1.74,0,0
W03188,Outbound-North,outbound,1,0,0,1
W03189,Outbound-North,outbound,3,1.97,0,0
W03190,Outbound-North,outbound,1,2.88,0,0
W03191,Inbound-B,inbound,2,0,0,1
W03192,Outbound-North,outbound,4,1.78,0,0
W03193,Outbound-North,outbound,8,1.28,0,0
W03194,Outbound-North,outbound,2,0.47,0,1
W03195,Inbound-A,inbound,4,0,0,1
W03196,Outbound-South,outbound,6,3.12,0,0
W03197,Outbound-North,outbound,4,2.38,0,0
W03198,Outbound-South,outbound,6,4.51,0,0
W03199,Returns,return,4,0.09,0,1
W03200,Inbound-B,inbound,8,1.32,0,0
W03201,Inbound-B,inbound,5,0.93,0,1
W03202,Inbound-A,inbound,4,0,0,1
W03203,Inbound-A,inbound,5,0.84,0,1
W03204,Outbound-North,outbound,6,1.4,0,0
W03205,Returns,return,2,0.0,0,1
W03206,Inbound-B,inbound,2,0,0,1
W03207,Inbound-B,inbound,7,0.74,0,1
W03208,Outbound-South,outbound,4,4.09,0,0
W03209,Outbound-North,outbound,8,1.71,0,0
W03210,Returns,return,3,0.0,0,1
W03211,Outbound-North,outbound,8,1.33,0,0
W03212,Inbound-B,inbound,6,1.55,0,0
W03213,Outbound-South,outbound,8,6.19,0,0
W03214,Outbound-South,outbound,6,0.39,0,1
W03215,Inbound-B,inbound,6,0.6,0,1
W03216,Outbound-North,outbound,7,0,0,1
W03217,Outbound-North,outbound,7,0.93,0,1
W03218,Inbound-B,inbound,8,2.58,0,0
W03219,Outbound-North,outbound,5,0.97,0,1
W03220,Outbound-North,outbound,2,1.87,0,0
W03221,Outbound-South,outbound,4,0.2,0,1
W03222,Inbound-A,inbound,7,0.02,0,1
W03223,Outbound-North,outbound,7,0,0,1
W03224,Outbound-South,outbound,4,0.0,0,1
W03225,Inbound-A,inbound,1,1.64,0,0
W03226,Inbound-A,inbound,6,1.63,0,0
W03227,Outbound-South,outbound,8,1.1,0,0
W03228,Inbound-B,inbound,8,0.49,0,1
W03229,Inbound-A,inbound,7,1.06,0,0
W03230,Inbound-A,inbound,4,1.29,0,0
W03231,Outbound-South,outbound,3,4.06,0,0
W03232,Outbound-North,outbound,7,1.7,0,0
W03233,Inbound-B,inbound,5,0.38,0,1
W03234,Outbound-South,outbound,1,2.93,0,0
W03235,Outbound-North,outbound,8,2.67,0,0
W03236,Inbound-B,inbound,6,1.24,0,0
W03237,Inbound-B,inbound,1,0.69,0,1
W03238,Inbound-A,inbound,3,1.23,1,0
W03239,Inbound-A,inbound,1,1.75,0,0
W03240,Outbound-North,outbound,7,1.43,0,0
W03241,Outbound-South,outbound,2,3.34,1,0
W03242,Outbound-South,outbound,3,0.0,0,1
W03243,Outbound-South,outbound,2,4.89,0,0
W03244,Outbound-South,outbound,7,4.42,0,0
W03245,Outbound-South,outbound,2,3.26,0,0
W03246,Outbound-North,outbound,1,1.64,0,0
W03247,Inbound-A,inbound,2,0.28,0,1
W03248,Inbound-B,inbound,5,0.23,0,1
W03249,Outbound-North,outbound,2,0,0,1
W03250,Inbound-A,inbound,4,1.17,0,0
W03251,Outbound-North,outbound,1,0.07,0,1
W03252,Outbound-North,outbound,8,3.5,0,0
W03253,Outbound-North,outbound,4,0.96,1,1
W03254,Outbound-South,outbound,1,3.79,0,0
W03255,Outbound-South,outbound,5,1.92,0,0
W03256,Outbound-North,outbound,2,0.62,0,1
W03257,Inbound-B,inbound,3,2.69,0,0
W03258,Outbound-South,outbound,3,4.86,0,0
W03259,Outbound-North,outbound,5,2.43,0,0
W03260,Inbound-B,inbound,7,0.26,0,1
W03261,Returns,return,1,0.85,0,1
W03262,Inbound-A,inbound,1,0.97,0,1
W03263,Inbound-A,inbound,1,0,0,1
W03264,Inbound-B,inbound,5,0,0,1
W03265,Outbound-South,outbound,2,2.51,0,0
W03266,Outbound-North,outbound,4,0.57,0,1
W03267,Outbound-North,outbound,1,0,0,1
W03268,Inbound-A,inbound,8,0.32,0,1
W03269,Outbound-North,outbound,5,0.36,0,1
W03270,Inbound-A,inbound,6,1.29,0,0
W03271,Inbound-B,inbound,4,0,0,1
W03272,Outbound-South,outbound,5,0.0,0,1
W03273,Inbound-B,inbound,6,0.34,0,1
W03274,Outbound-South,outbound,2,2.22,0,0
W03275,Inbound-A,inbound,7,2.02,0,0
W03276,Outbound-North,outbound,2,0,0,1
W03277,Inbound-A,inbound,4,1.53,0,0
W03278,Outbound-South,outbound,2,2.49,0,0
W03279,Outbound-North,outbound,1,0.08,0,1
W03280,Inbound-B,inbound,1,0.06,0,1
W03281,Returns,return,6,2.07,0,0
W03282,Inbound-B,inbound,5,0.17,0,1
W03283,Outbound-South,outbound,7,1.65,1,0
W03284,Returns,return,1,0.58,0,1
W03285,Inbound-B,inbound,2,1.16,0,0
W03286,Outbound-South,outbound,6,0.23,0,1
W03287,Inbound-A,inbound,4,0,0,1
W03288,Inbound-B,inbound,1,1.5,0,0
W03289,Outbound-North,outbound,4,1.42,0,0
W03290,Inbound-B,inbound,2,0.99,0,1
W03291,Inbound-A,inbound,7,1.1,0,0
W03292,Outbound-South,outbound,5,3.44,1,0
W03293,Outbound-North,outbound,8,0.58,0,1
W03294,Outbound-North,outbound,4,0,0,1
W03295,Outbound-South,outbound,1,2.78,0,0
W03296,Outbound-North,outbound,4,0,0,1
W03297,Inbound-B,inbound,4,1.21,0,0
W03298,Outbound-North,outbound,7,0.04,0,1
W03299,Inbound-B,inbound,7,1.15,0,0
W03300,Returns,return,4,0.0,0,1
W03301,Returns,return,6,0.0,0,1
W03302,Outbound-North,outbound,6,0.87,0,1
W03303,Inbound-B,inbound,3,0,0,1
W03304,Inbound-A,inbound,6,0.77,0,1
W03305,Outbound-South,outbound,1,3.22,0,0
W03306,Inbound-B,inbound,6,0.55,0,1
W03307,Outbound-South,outbound,1,3.94,0,0
W03308,Inbound-A,inbound,6,0,0,1
W03309,Outbound-South,outbound,6,0.69,0,1
W03310,Outbound-South,outbound,6,1.15,0,0
W03311,Outbound-North,outbound,4,1.2,0,0
W03312,Outbound-North,outbound,5,2.2,0,0
W03313,Outbound-South,outbound,7,0.72,0,1
W03314,Outbound-South,outbound,2,0.99,0,1
W03315,Inbound-B,inbound,5,2.06,0,0
W03316,Outbound-North,outbound,4,0,0,1
W03317,Inbound-A,inbound,3,0.59,0,1
W03318,Outbound-North,outbound,5,1.94,0,0
W03319,Outbound-North,outbound,5,0.94,0,1
W03320,Outbound-North,outbound,5,1.92,0,0
W03321,Inbound-B,inbound,4,0.14,0,1
W03322,Inbound-A,inbound,8,0.59,0,1
W03323,Outbound-North,outbound,4,1.24,0,0
W03324,Outbound-North,outbound,8,2.66,0,0
W03325,Returns,return,5,0.93,0,1
W03326,Outbound-South,outbound,1,1.33,0,0
W03327,Inbound-B,inbound,1,0.56,0,1
W03328,Inbound-B,inbound,8,3.74,0,0
W03329,Outbound-South,outbound,5,0.0,0,1
W03330,Outbound-North,outbound,4,1.74,0,0
W03331,Outbound-South,outbound,5,6.27,0,0
W03332,Outbound-North,outbound,1,1.77,0,0
W03333,Outbound-North,outbound,2,0.31,0,1
W03334,Returns,return,3,0.1,0,1
W03335,Outbound-South,outbound,3,1.33,0,0
W03336,Inbound-B,inbound,7,2.24,0,0
W03337,Outbound-South,outbound,8,3.31,0,0
W03338,Inbound-B,inbound,6,0.9,0,1
W03339,Inbound-A,inbound,4,2.28,0,0
W03340,Outbound-North,outbound,5,1.76,0,0
W03341,Outbound-South,outbound,2,2.67,0,0
W03342,Outbound-South,outbound,5,2.66,1,0
W03343,Inbound-A,inbound,2,1.47,0,0
W03344,Outbound-North,outbound,8,0,0,1
W03345,Outbound-North,outbound,5,1.38,0,0
W03346,Outbound-North,outbound,2,2.22,0,0
W03347,Outbound-South,outbound,8,1.02,0,0
W03348,Inbound-B,inbound,1,2.35,0,0
W03349,Inbound-A,inbound,7,1.4,0,0
W03350,Outbound-North,outbound,1,2.56,0,0
W03351,Outbound-South,outbound,7,0.57,0,1
W03352,Outbound-South,outbound,3,1.75,0,0
W03353,Outbound-South,outbound,1,1.51,0,0
W03354,Outbound-South,outbound,2,2.7,0,0
W03355,Inbound-A,inbound,1,2.98,0,0
W03356,Inbound-A,inbound,4,0.87,1,1
W03357,Inbound-A,inbound,5,2.39,0,0
W03358,Returns,return,5,0.0,0,1
W03359,Inbound-B,inbound,7,1.8,0,0
W03360,Inbound-A,inbound,6,1.48,0,0
W03361,Returns,return,2,2.71,0,0
W03362,Inbound-B,inbound,4,0.91,0,1
W03363,Outbound-North,outbound,4,0.8,0,1
W03364,Inbound-B,inbound,4,0,0,1
W03365,Outbound-North,outbound,8,0,0,1
W03366,Outbound-North,outbound,7,4.74,0,0
W03367,Outbound-South,outbound,1,4.83,0,0
W03368,Outbound-South,outbound,6,1.25,0,0
W03369,Outbound-North,outbound,2,1.24,0,0
W03370,Inbound-A,inbound,7,0.31,0,1
W03371,Outbound-South,outbound,6,1.4,0,0
W03372,Inbound-A,inbound,3,0.56,0,1
W03373,Inbound-A,inbound,8,0.22,0,1
W03374,Outbound-North,outbound,2,1.19,0,0
W03375,Outbound-South,outbound,8,0.0,0,1
W03376,Inbound-A,inbound,7,0.05,0,1
W03377,Outbound-South,outbound,5,0.0,1,1
W03378,Returns,return,2,0.01,0,1
W03379,Inbound-A,inbound,3,0.72,0,1
W03380,Outbound-South,outbound,3,2.9,0,0
W03381,Outbound-South,outbound,8,3.11,0,0
W03382,Inbound-A,inbound,5,0.41,0,1
W03383,Inbound-A,inbound,2,0,0,1
W03384,Outbound-South,outbound,6,0.6,0,1
W03385,Outbound-South,outbound,1,0.4,0,1
W03386,Inbound-A,inbound,2,0,0,1
W03387,Inbound-A,inbound,4,1.98,0,0
W03388,Inbound-A,inbound,2,0.45,0,1
W03389,Inbound-A,inbound,6,2.08,0,0
W03390,Outbound-North,outbound,1,2.83,0,0
W03391,Inbound-A,inbound,7,0,0,1
W03392,Outbound-South,outbound,3,3.73,0,0
W03393,Outbound-North,outbound,4,2.48,0,0
W03394,Outbound-North,outbound,3,0.1,0,1
W03395,Inbound-B,inbound,4,0,0,1
W03396,Inbound-A,inbound,3,1.18,0,0
W03397,Outbound-North,outbound,2,1.71,1,0
W03398,Outbound-North,outbound,6,2.77,0,0
W03399,Inbound-A,inbound,5,0.57,0,1
W03400,Outbound-South,outbound,1,2.85,0,0
W03401,Outbound-North,outbound,2,0.53,0,1
W03402,Outbound-South,outbound,1,5.0,1,0
W03403,Outbound-South,outbound,1,3.25,0,0
W03404,Inbound-B,inbound,4,0.37,0,1
W03405,Outbound-South,outbound,6,3.19,0,0
W03406,Inbound-A,inbound,8,0.7,0,1
W03407,Outbound-South,outbound,7,1.24,0,0
W03408,Returns,return,2,2.78,0,0
W03409,Outbound-North,outbound,1,1.36,0,0
W03410,Inbound-B,inbound,2,0.16,1,1
W03411,Outbound-North,outbound,5,2.2,0,0
W03412,Outbound-South,outbound,2,2.01,0,0
W03413,Inbound-A,inbound,2,2.65,0,0
W03414,Inbound-B,inbound,5,0,0,1
W03415,Outbound-South,outbound,1,1.43,0,0
W03416,Outbound-South,outbound,8,1.31,0,0
W03417,Inbound-B,inbound,7,0.16,0,1
W03418,Outbound-North,outbound,8,1.77,0,0
W03419,Inbound-A,inbound,8,0,0,1
W03420,Outbound-North,outbound,1,1.95,0,0
W03421,Outbound-North,outbound,6,0.69,0,1
W03422,Outbound-North,outbound,5,0.88,0,1
W03423,Outbound-North,outbound,5,1.56,0,0
W03424,Inbound-B,inbound,7,0.38,0,1
W03425,Outbound-North,outbound,4,2.62,0,0
W03426,Outbound-South,outbound,7,3.15,0,0
W03427,Inbound-A,inbound,2,0,0,1
W03428,Outbound-South,outbound,3,0.79,0,1
W03429,Outbound-North,outbound,1,0.58,0,1
W03430,Inbound-A,inbound,3,0.73,0,1
W03431,Returns,return,5,0.66,0,1
W03432,Returns,return,6,0.0,0,1
W03433,Inbound-B,inbound,2,1.89,0,0
W03434,Outbound-South,outbound,2,0.36,0,1
W03435,Outbound-North,outbound,4,0,0,1
W03436,Inbound-B,inbound,7,1.59,0,0
W03437,Returns,return,7,2.7,0,0
W03438,Returns,return,8,1.58,0,0
W03439,Inbound-B,inbound,3,1.38,0,0
W03440,Outbound-South,outbound,7,2.15,0,0
W03441,Inbound-B,inbound,2,1.94,0,0
W03442,Inbound-A,inbound,5,0.28,0,1
W03443,Outbound-South,outbound,2,1.48,0,0
W03444,Inbound-A,inbound,5,0,0,1
W03445,Outbound-North,outbound,6,1.12,0,0
W03446,Outbound-South,outbound,3,2.65,0,0
W03447,Outbound-North,outbound,2,2.59,1,0
W03448,Outbound-South,outbound,6,4.83,0,0
W03449,Outbound-South,outbound,1,1.64,0,0
W03450,Outbound-South,outbound,3,1.84,0,0
W03451,Inbound-B,inbound,4,2.36,0,0
W03452,Inbound-A,inbound,8,0.88,0,1
W03453,Outbound-South,outbound,1,4.27,0,0
W03454,Outbound-North,outbound,4,0.17,0,1
W03455,Outbound-South,outbound,3,4.3,0,0
W03456,Inbound-B,inbound,4,1.61,0,0
W03457,Inbound-A,inbound,8,0.49,0,1
W03458,Outbound-North,outbound,2,0.22,0,1
W03459,Outbound-North,outbound,8,1.88,0,0
W03460,Outbound-North,outbound,6,2.09,0,0
W03461,Inbound-A,inbound,7,1.26,0,0
W03462,Outbound-North,outbound,4,1.76,0,0
W03463,Outbound-North,outbound,5,0.44,0,1
W03464,Outbound-South,outbound,1,2.84,0,0
W03465,Inbound-B,inbound,6,1.6,0,0
W03466,Outbound-South,outbound,2,1.98,0,0
W03467,Inbound-A,inbound,5,1.09,0,0
W03468,Outbound-North,outbound,1,1.41,0,0
W03469,Returns,return,5,0.0,0,1
W03470,Outbound-North,outbound,4,1.6,0,0
W03471,Outbound-North,outbound,5,1.62,0,0
W03472,Outbound-South,outbound,5,2.99,0,0
W03473,Outbound-South,outbound,8,1.84,0,0
W03474,Outbound-South,outbound,4,0.0,0,1
W03475,Returns,return,5,4.32,0,0
W03476,Outbound-South,outbound,5,0.08,0,1
W03477,Inbound-B,inbound,8,0,0,1
W03478,Inbound-B,inbound,3,0,0,1
W03479,Outbound-North,outbound,3,2.39,0,0
W03480,Inbound-A,inbound,7,0,0,1
W03481,Inbound-A,inbound,3,1.36,1,0
W03482,Outbound-North,outbound,8,1.79,0,0
W03483,Inbound-A,inbound,6,0.48,0,1
W03484,Outbound-North,outbound,7,1.32,0,0
W03485,Inbound-A,inbound,2,0,0,1
W03486,Inbound-A,inbound,4,0,0,1
W03487,Outbound-South,outbound,2,0.43,0,1
W03488,Outbound-North,outbound,4,0.97,0,1
W03489,Returns,return,5,0.8,0,1
W03490,Outbound-South,outbound,6,1.36,0,0
W03491,Outbound-South,outbound,1,3.04,0,0
W03492,Outbound-North,outbound,4,0.83,0,1
W03493,Outbound-North,outbound,8,1.9,0,0
W03494,Outbound-North,outbound,7,0.82,0,1
W03495,Inbound-B,inbound,8,1.92,0,0
W03496,Inbound-B,inbound,1,0.29,0,1
W03497,Inbound-A,inbound,6,0.58,0,1
W03498,Outbound-South,outbound,4,0.0,0,1
W03499,Outbound-North,outbound,2,0.4,0,1
W03500,Inbound-B,inbound,8,1.46,0,0
W03501,Inbound-A,inbound,4,0,0,1
W03502,Outbound-North,outbound,8,2.78,0,0
W03503,Outbound-South,outbound,8,0.0,0,1
W03504,Outbound-North,outbound,2,3.06,0,0
W03505,Returns,return,1,3.5,0,0
W03506,Inbound-A,inbound,8,0,0,1
W03507,Inbound-A,inbound,5,1.49,0,0
W03508,Outbound-South,outbound,5,0.0,0,1
W03509,Outbound-North,outbound,3,0.73,0,1
W03510,Inbound-B,inbound,2,0.32,0,1
W03511,Inbound-B,inbound,1,0,0,1
W03512,Inbound-B,inbound,4,0,0,1
W03513,Outbound-North,outbound,7,0,0,1
W03514,Inbound-B,inbound,1,0,0,1
W03515,Inbound-B,inbound,6,0,0,1
W03516,Returns,return,7,1.64,0,0
W03517,Outbound-South,outbound,5,4.35,0,0
W03518,Outbound-North,outbound,7,2.24,0,0
W03519,Inbound-A,inbound,8,1.34,0,0
W03520,Inbound-A,inbound,3,0,0,1
W03521,Inbound-B,inbound,1,0.8,0,1
W03522,Outbound-North,outbound,3,1.18,0,0
W03523,Outbound-North,outbound,2,0,0,1
W03524,Returns,return,4,0.0,0,1
W03525,Outbound-North,outbound,5,1.52,0,0
W03526,Outbound-North,outbound,6,1.39,0,0
W03527,Outbound-South,outbound,2,3.05,0,0
W03528,Outbound-South,outbound,6,3.63,0,0
W03529,Outbound-North,outbound,4,2.09,0,0
W03530,Inbound-A,inbound,5,0,0,1
W03531,Outbound-South,outbound,4,0.0,1,1
W03532,Inbound-B,inbound,8,0,0,1
W03533,Returns,return,5,0.0,0,1
W03534,Inbound-B,inbound,4,0,0,1
W03535,Inbound-A,inbound,8,2.09,0,0
W03536,Outbound-North,outbound,8,1.44,0,0
W03537,Returns,return,3,1.07,0,0
W03538,Inbound-B,inbound,4,0,0,1
W03539,Inbound-B,inbound,6,1.24,0,0
W03540,Inbound-A,inbound,3,0.66,0,1
W03541,Inbound-B,inbound,5,1.72,0,0
W03542,Inbound-A,inbound,3,0.77,0,1
W03543,Outbound-North,outbound,7,1.42,0,0
W03544,Returns,return,2,2.65,0,0
W03545,Outbound-South,outbound,3,1.24,0,0
W03546,Inbound-A,inbound,5,0,0,1
W03547,Outbound-North,outbound,2,1.97,0,0
W03548,Inbound-B,inbound,5,3.0,0,0
W03549,Outbound-North,outbound,4,2.2,0,0
W03550,Outbound-South,outbound,4,1.08,0,0
W03551,Inbound-A,inbound,8,0,0,1
W03552,Inbound-B,inbound,5,1.17,0,0
W03553,Outbound-North,outbound,3,1.92,0,0
W03554,Outbound-South,outbound,6,3.53,0,0
W03555,Inbound-B,inbound,4,0.22,0,1
W03556,Inbound-B,inbound,8,1.3,0,0
W03557,Outbound-South,outbound,5,5.0,0,0
W03558,Inbound-B,inbound,5,0,0,1
W03559,Returns,return,5,1.33,0,0
W03560,Outbound-South,outbound,6,0.68,0,1
W03561,Outbound-South,outbound,3,3.74,0,0
W03562,Inbound-B,inbound,4,0.94,0,1
W03563,Outbound-North,outbound,5,2.37,0,0
W03564,Inbound-A,inbound,8,1.03,0,0
W03565,Inbound-B,inbound,5,0,0,1
W03566,Outbound-South,outbound,3,3.15,0,0
W03567,Outbound-North,outbound,4,1.51,0,0
W03568,Returns,return,6,1.34,0,0
W03569,Outbound-North,outbound,1,1.47,0,0
W03570,Outbound-North,outbound,8,1.37,0,0
W03571,Returns,return,5,1.52,0,0
W03572,Outbound-South,outbound,2,0.52,0,1
W03573,Inbound-A,inbound,3,0.64,0,1
W03574,Outbound-South,outbound,8,3.51,0,0
W03575,Inbound-B,inbound,4,0,0,1
W03576,Outbound-South,outbound,4,0.0,0,1
W03577,Outbound-North,outbound,2,0,0,1
W03578,Outbound-North,outbound,8,1.29,0,0
W03579,Outbound-South,outbound,4,0.0,0,1
W03580,Outbound-South,outbound,1,1.4,1,0
W03581,Outbound-North,outbound,6,0.66,0,1
W03582,Inbound-A,inbound,1,0.91,0,1
W03583,Outbound-South,outbound,8,1.64,0,0
W03584,Outbound-North,outbound,8,1.81,0,0
W03585,Outbound-North,outbound,6,2.06,0,0
W03586,Outbound-North,outbound,5,1.16,0,0
W03587,Inbound-A,inbound,4,0.02,0,1
W03588,Inbound-A,inbound,4,0.8,0,1
W03589,Outbound-South,outbound,7,0.0,0,1
W03590,Inbound-A,inbound,4,0.58,0,1
W03591,Outbound-South,outbound,8,4.63,0,0
W03592,Returns,return,3,3.69,0,0
W03593,Inbound-B,inbound,5,1.16,0,0
W03594,Outbound-South,outbound,2,2.7,0,0
W03595,Outbound-North,outbound,1,1.6,0,0
W03596,Outbound-South,outbound,3,3.91,0,0
W03597,Inbound-B,inbound,1,0,0,1
W03598,Inbound-B,inbound,5,1.3,0,0
W03599,Inbound-B,inbound,6,0,0,1
W03600,Inbound-A,inbound,4,0,0,1
W03601,Outbound-South,outbound,3,3.15,0,0
W03602,Outbound-South,outbound,2,2.76,0,0
W03603,Returns,return,6,0.6,0,1
W03604,Outbound-North,outbound,5,0.39,0,1
W03605,Inbound-B,inbound,3,0.18,0,1
W03606,Outbound-North,outbound,2,2.04,0,0
W03607,Outbound-South,outbound,8,2.23,0,0
W03608,Inbound-B,inbound,3,0,0,1
W03609,Outbound-North,outbound,6,0.9,0,1
W03610,Outbound-North,outbound,8,0.9,0,1
W03611,Inbound-B,inbound,7,0.62,0,1
W03612,Outbound-South,outbound,5,2.86,0,0
W03613,Inbound-A,inbound,3,0.73,0,1
W03614,Outbound-North,outbound,2,1.78,0,0
W03615,Outbound-South,outbound,4,2.29,0,0
W03616,Inbound-A,inbound,8,1.58,0,0
W03617,Inbound-B,inbound,5,1.76,0,0
W03618,Returns,return,1,1.19,0,0
W03619,Outbound-North,outbound,2,3.59,0,0
W03620,Outbound-North,outbound,4,1.76,0,0
W03621,Inbound-B,inbound,3,0.23,0,1
W03622,Outbound-South,outbound,7,2.52,0,0
W03623,Inbound-A,inbound,3,0,0,1
W03624,Outbound-South,outbound,2,2.07,0,0
W03625,Returns,return,4,1.64,0,0
W03626,Inbound-B,inbound,2,1.29,0,0
W03627,Inbound-B,inbound,4,0.94,0,1
W03628,Inbound-B,inbound,4,1.46,0,0
W03629,Outbound-North,outbound,7,0.31,0,1
W03630,Outbound-North,outbound,7,2.1,0,0
W03631,Outbound-South,outbound,3,0.0,0,1
W03632,Inbound-A,inbound,6,0.46,0,1
W03633,Outbound-South,outbound,3,1.55,0,0
W03634,Outbound-South,outbound,8,1.21,0,0
W03635,Inbound-A,inbound,3,0.74,0,1
W03636,Inbound-A,inbound,8,1.23,0,0
W03637,Inbound-B,inbound,2,0,0,1
W03638,Outbound-South,outbound,1,0.47,1,1
W03639,Outbound-South,outbound,2,1.03,0,0
W03640,Outbound-North,outbound,1,1.45,0,0
W03641,Outbound-North,outbound,4,1.2,0,0
W03642,Outbound-South,outbound,3,2.67,0,0
W03643,Outbound-South,outbound,7,4.32,0,0
W03644,Returns,return,7,4.02,0,0
W03645,Returns,return,4,0.36,0,1
W03646,Inbound-A,inbound,4,0,0,1
W03647,Inbound-A,inbound,1,2.23,0,0
W03648,Outbound-South,outbound,7,3.89,0,0
W03649,Outbound-North,outbound,4,3.29,0,0
W03650,Inbound-B,inbound,5,0,0,1
W03651,Inbound-A,inbound,3,0.27,0,1
W03652,Inbound-B,inbound,3,2.48,0,0
W03653,Outbound-North,outbound,5,0.6,0,1
W03654,Inbound-B,inbound,4,1.55,0,0
W03655,Inbound-A,inbound,2,2.76,0,0
W03656,Inbound-B,inbound,1,1.64,0,0
W03657,Inbound-B,inbound,4,1.61,0,0
W03658,Outbound-South,outbound,6,0.0,1,1
W03659,Inbound-B,inbound,8,2.66,0,0
W03660,Outbound-North,outbound,4,0.53,0,1
W03661,Outbound-North,outbound,5,1.75,0,0
W03662,Inbound-B,inbound,4,2.57,0,0
W03663,Inbound-A,inbound,1,1.59,0,0
W03664,Outbound-North,outbound,7,2.46,0,0
W03665,Inbound-A,inbound,6,1.46,0,0
W03666,Outbound-South,outbound,3,3.05,0,0
W03667,Inbound-A,inbound,3,0.11,0,1
W03668,Inbound-A,inbound,5,0.2,0,1
W03669,Inbound-A,inbound,6,1.5,0,0
W03670,Outbound-North,outbound,5,1.92,0,0
W03671,Inbound-A,inbound,4,0.77,0,1
W03672,Outbound-South,outbound,8,3.68,0,0
W03673,Outbound-North,outbound,5,0.02,0,1
W03674,Outbound-North,outbound,3,0,0,1
W03675,Returns,return,8,2.54,0,0
W03676,Outbound-North,outbound,2,0,0,1
W03677,Inbound-B,inbound,5,3.66,0,0
W03678,Outbound-North,outbound,8,1.78,0,0
W03679,Outbound-South,outbound,6,3.86,0,0
W03680,Outbound-South,outbound,4,0.0,1,1
W03681,Inbound-A,inbound,1,0,0,1
W03682,Outbound-South,outbound,5,3.16,0,0
W03683,Inbound-A,inbound,5,0,0,1
W03684,Outbound-North,outbound,3,4.3,0,0
W03685,Inbound-B,inbound,3,0.47,0,1
W03686,Inbound-A,inbound,1,0.24,0,1
W03687,Outbound-South,outbound,3,3.02,0,0
W03688,Outbound-North,outbound,3,0.19,0,1
W03689,Outbound-North,outbound,2,0,0,1
W03690,Inbound-B,inbound,8,0,0,1
W03691,Inbound-B,inbound,4,1.81,0,0
W03692,Outbound-South,outbound,4,3.53,0,0
W03693,Outbound-South,outbound,5,4.36,0,0
W03694,Inbound-B,inbound,8,0.32,0,1
W03695,Outbound-South,outbound,5,3.87,0,0
W03696,Outbound-North,outbound,8,0.87,0,1
W03697,Outbound-South,outbound,1,0.0,0,1
W03698,Inbound-B,inbound,3,0.05,0,1
W03699,Inbound-A,inbound,4,0,0,1
W03700,Outbound-North,outbound,6,0.99,0,1
W03701,Inbound-B,inbound,1,0.44,0,1
W03702,Inbound-B,inbound,2,1.8,0,0
W03703,Inbound-A,inbound,3,1.46,0,0
W03704,Outbound-North,outbound,6,2.27,0,0
W03705,Outbound-North,outbound,8,3.32,0,0
W03706,Inbound-A,inbound,1,0.47,0,1
W03707,Inbound-B,inbound,8,0,0,1
W03708,Inbound-A,inbound,2,0,0,1
W03709,Outbound-South,outbound,5,1.1,0,0
W03710,Outbound-South,outbound,2,2.49,1,0
W03711,Inbound-A,inbound,3,1.1,0,0
W03712,Inbound-A,inbound,7,2.54,0,0
W03713,Inbound-B,inbound,1,0,0,1
W03714,Outbound-North,outbound,8,0.9,0,1
W03715,Inbound-B,inbound,8,0.47,0,1
W03716,Outbound-South,outbound,8,1.99,0,0
W03717,Inbound-B,inbound,4,0.94,0,1
W03718,Outbound-South,outbound,6,0.0,0,1
W03719,Inbound-B,inbound,7,0,0,1
W03720,Outbound-South,outbound,8,2.63,0,0
W03721,Inbound-A,inbound,3,0,0,1
W03722,Returns,return,5,0.33,0,1
W03723,Outbound-South,outbound,4,3.66,0,0
W03724,Inbound-A,inbound,5,1.22,0,0
W03725,Inbound-B,inbound,1,0.47,0,1
W03726,Outbound-North,outbound,3,1.69,0,0
W03727,Outbound-South,outbound,2,0.62,0,1
W03728,Returns,return,5,0.0,0,1
W03729,Outbound-North,outbound,7,0.65,0,1
W03730,Outbound-North,outbound,8,2.44,0,0
W03731,Outbound-South,outbound,2,2.49,0,0
W03732,Outbound-North,outbound,7,1.22,0,0
W03733,Inbound-B,inbound,2,1.58,0,0
W03734,Outbound-North,outbound,2,0.11,0,1
W03735,Inbound-B,inbound,2,0.82,0,1
W03736,Inbound-A,inbound,5,0.47,0,1
W03737,Returns,return,7,0.0,0,1
W03738,Outbound-North,outbound,3,1.18,0,0
W03739,Outbound-South,outbound,1,2.81,0,0
W03740,Outbound-South,outbound,2,3.05,1,0
W03741,Outbound-South,outbound,6,1.06,0,0
W03742,Outbound-North,outbound,3,0.53,0,1
W03743,Returns,return,7,0.62,0,1
W03744,Outbound-North,outbound,7,0.34,0,1
W03745,Outbound-South,outbound,3,0.46,1,1
W03746,Outbound-South,outbound,1,2.24,0,0
W03747,Returns,return,8,1.05,0,0
W03748,Outbound-South,outbound,6,0.0,0,1
W03749,Inbound-A,inbound,3,2.61,0,0
W03750,Outbound-North,outbound,4,0.57,0,1
W03751,Outbound-North,outbound,2,0.24,0,1
W03752,Returns,return,4,0.0,0,1
W03753,Outbound-North,outbound,8,1.58,0,0
W03754,Returns,return,2,2.13,0,0
W03755,Outbound-South,outbound,4,1.91,1,0
W03756,Returns,return,6,0.0,0,1
W03757,Outbound-South,outbound,1,2.49,1,0
W03758,Inbound-A,inbound,7,3.12,0,0
W03759,Inbound-A,inbound,6,1.27,0,0
W03760,Outbound-South,outbound,2,0.0,0,1
W03761,Inbound-A,inbound,6,0,0,1
W03762,Inbound-A,inbound,4,0,0,1
W03763,Outbound-South,outbound,4,1.19,0,0
W03764,Returns,return,1,0.29,0,1
W03765,Outbound-North,outbound,2,1.52,0,0
W03766,Outbound-South,outbound,2,0.0,1,1
W03767,Inbound-A,inbound,2,1.16,0,0
W03768,Outbound-North,outbound,1,0,0,1
W03769,Outbound-North,outbound,8,0,0,1
W03770,Inbound-B,inbound,6,1.15,0,0
W03771,Inbound-B,inbound,6,1.22,0,0
W03772,Inbound-A,inbound,5,0,0,1
W03773,Inbound-A,inbound,6,0.65,0,1
W03774,Outbound-North,outbound,6,1.05,0,0
W03775,Outbound-South,outbound,8,1.56,0,0
W03776,Outbound-South,outbound,2,4.23,0,0
W03777,Inbound-B,inbound,3,0,0,1
W03778,Inbound-B,inbound,2,2.39,0,0
W03779,Outbound-North,outbound,1,0.64,0,1
W03780,Inbound-B,inbound,5,1.28,0,0
W03781,Outbound-North,outbound,2,1.98,0,0
W03782,Returns,return,2,0.33,0,1
W03783,Outbound-North,outbound,8,0.09,0,1
W03784,Inbound-B,inbound,1,1.71,0,0
W03785,Inbound-B,inbound,6,2.1,0,0
W03786,Inbound-A,inbound,5,0,0,1
W03787,Inbound-A,inbound,8,0,0,1
W03788,Outbound-North,outbound,6,1.53,0,0
W03789,Inbound-B,inbound,1,1.18,1,0
W03790,Inbound-A,inbound,4,0,0,1
W03791,Inbound-B,inbound,8,1.1,0,0
W03792,Inbound-B,inbound,5,2.24,0,0
W03793,Outbound-North,outbound,3,0.42,0,1
W03794,Inbound-A,inbound,2,0,0,1
W03795,Inbound-A,inbound,4,0.57,0,1
W03796,Inbound-A,inbound,7,0,0,1
W03797,Outbound-North,outbound,1,1.08,0,0
W03798,Inbound-A,inbound,2,0,0,1
W03799,Outbound-South,outbound,5,1.93,0,0
W03800,Inbound-A,inbound,3,0,0,1
W03801,Outbound-North,outbound,3,2.19,0,0
W03802,Inbound-A,inbound,5,0.53,0,1
W03803,Inbound-B,inbound,6,1.23,0,0
W03804,Inbound-B,inbound,6,2.71,0,0
W03805,Outbound-North,outbound,2,1.92,0,0
W03806,Outbound-South,outbound,2,1.7,0,0
W03807,Outbound-North,outbound,7,0,0,1
W03808,Outbound-North,outbound,8,1.14,0,0
W03809,Inbound-A,inbound,4,0.16,0,1
W03810,Outbound-North,outbound,8,1.79,0,0
W03811,Returns,return,6,3.23,0,0
W03812,Outbound-North,outbound,2,3.54,0,0
W03813,Inbound-A,inbound,5,0.24,0,1
W03814,Outbound-North,outbound,1,2.1,0,0
W03815,Inbound-A,inbound,3,1.35,0,0
W03816,Outbound-South,outbound,4,2.22,0,0
W03817,Outbound-North,outbound,3,0.51,0,1
W03818,Inbound-B,inbound,5,1.11,0,0
W03819,Outbound-South,outbound,2,2.89,0,0
W03820,Inbound-B,inbound,6,1.73,0,0
W03821,Inbound-A,inbound,8,0.39,0,1
W03822,Outbound-South,outbound,2,2.45,0,0
W03823,Inbound-A,inbound,7,2.98,0,0
W03824,Inbound-A,inbound,1,1.11,0,0
W03825,Outbound-South,outbound,7,4.14,0,0
W03826,Inbound-A,inbound,8,0.84,0,1
W03827,Inbound-A,inbound,8,2.56,0,0
W03828,Inbound-A,inbound,5,0,0,1
W03829,Outbound-South,outbound,6,0.84,0,1
W03830,Outbound-North,outbound,2,2.1,0,0
W03831,Inbound-A,inbound,5,1.47,0,0
W03832,Returns,return,3,2.72,0,0
W03833,Outbound-South,outbound,6,3.07,0,0
W03834,Outbound-South,outbound,7,0.35,0,1
W03835,Outbound-North,outbound,1,1.96,0,0
W03836,Returns,return,5,2.61,0,0
W03837,Inbound-B,inbound,6,1.85,0,0
W03838,Inbound-B,inbound,1,0.56,0,1
W03839,Outbound-North,outbound,8,3.01,0,0
W03840,Outbound-North,outbound,3,1.55,0,0
W03841,Inbound-B,inbound,1,0.38,0,1
W03842,Inbound-A,inbound,1,3.88,0,0
W03843,Outbound-South,outbound,7,2.24,0,0
W03844,Outbound-South,outbound,7,2.28,0,0
W03845,Inbound-A,inbound,5,1.68,0,0
W03846,Outbound-North,outbound,6,1.03,0,0
W03847,Returns,return,4,3.12,0,0
W03848,Outbound-South,outbound,3,1.7,0,0
W03849,Inbound-A,inbound,4,2.33,0,0
W03850,Outbound-North,outbound,6,0,0,1
W03851,Inbound-B,inbound,1,0,0,1
W03852,Outbound-South,outbound,3,3.86,0,0
W03853,Inbound-B,inbound,8,1.53,0,0
W03854,Inbound-A,inbound,7,2.2,0,0
W03855,Outbound-South,outbound,3,2.65,0,0
W03856,Inbound-A,inbound,8,0,0,1
W03857,Inbound-B,inbound,7,0.29,0,1
W03858,Inbound-A,inbound,3,0,0,1
W03859,Inbound-A,inbound,8,0.5,0,1
W03860,Outbound-South,outbound,1,0.14,0,1
W03861,Inbound-A,inbound,2,0,0,1
W03862,Inbound-B,inbound,1,0.84,0,1
W03863,Outbound-South,outbound,6,4.47,0,0
W03864,Outbound-South,outbound,4,3.64,0,0
W03865,Outbound-North,outbound,8,0.26,0,1
W03866,Outbound-North,outbound,4,1.46,0,0
W03867,Returns,return,6,1.55,0,0
W03868,Outbound-South,outbound,4,0.17,0,1
W03869,Returns,return,4,0.63,0,1
W03870,Outbound-North,outbound,7,0.97,0,1
W03871,Inbound-A,inbound,7,1.44,0,0
W03872,Outbound-North,outbound,6,2.25,0,0
W03873,Inbound-A,inbound,5,1.59,0,0
W03874,Returns,return,6,0.0,0,1
W03875,Inbound-A,inbound,8,0.14,0,1
W03876,Inbound-B,inbound,5,0,0,1
W03877,Inbound-B,inbound,7,0,0,1
W03878,Inbound-A,inbound,3,0,0,1
W03879,Inbound-B,inbound,3,1.39,0,0
W03880,Returns,return,6,1.71,0,0
W03881,Outbound-North,outbound,4,0.55,0,1
W03882,Inbound-A,inbound,3,2.15,0,0
W03883,Outbound-South,outbound,8,2.94,0,0
W03884,Outbound-South,outbound,3,5.0,0,0
W03885,Inbound-A,inbound,6,0,0,1
W03886,Inbound-B,inbound,4,1.08,0,0
W03887,Outbound-South,outbound,6,0.0,0,1
W03888,Outbound-North,outbound,2,0.71,0,1
W03889,Inbound-A,inbound,1,1.02,0,0
W03890,Outbound-North,outbound,5,2.09,0,0
W03891,Outbound-South,outbound,5,1.51,0,0
W03892,Inbound-A,inbound,8,1.45,0,0
W03893,Inbound-B,inbound,5,0.87,0,1
W03894,Outbound-South,outbound,8,0.79,0,1
W03895,Inbound-B,inbound,8,0.35,0,1
W03896,Outbound-North,outbound,4,1.04,0,0
W03897,Outbound-South,outbound,8,2.92,0,0
W03898,Outbound-South,outbound,5,2.93,0,0
W03899,Inbound-A,inbound,8,2.26,1,0
W03900,Outbound-North,outbound,8,0.26,0,1
W03901,Inbound-A,inbound,3,1.66,0,0
W03902,Inbound-B,inbound,3,0,0,1
W03903,Inbound-B,inbound,8,2.23,0,0
W03904,Outbound-North,outbound,2,0.05,0,1
W03905,Inbound-A,inbound,5,2.02,0,0
W03906,Outbound-South,outbound,3,2.2,0,0
W03907,Outbound-South,outbound,8,1.72,0,0
W03908,Inbound-A,inbound,6,1.28,0,0
W03909,Outbound-South,outbound,4,0.14,0,1
W03910,Returns,return,7,2.93,0,0
W03911,Outbound-South,outbound,7,3.44,0,0
W03912,Inbound-A,inbound,3,0.95,0,1
W03913,Outbound-North,outbound,8,0.1,0,1
W03914,Inbound-B,inbound,6,2.15,0,0
W03915,Inbound-A,inbound,4,1.6,0,0
W03916,Outbound-North,outbound,1,1.98,0,0
W03917,Inbound-A,inbound,4,0,0,1
W03918,Outbound-South,outbound,6,3.0,1,0
W03919,Inbound-A,inbound,3,2.68,0,0
W03920,Inbound-A,inbound,7,3.04,0,0
W03921,Inbound-B,inbound,4,1.92,0,0
W03922,Inbound-B,inbound,5,0.88,0,1
W03923,Returns,return,5,2.52,0,0
W03924,Inbound-A,inbound,8,0.98,0,1
W03925,Inbound-B,inbound,5,1.89,0,0
W03926,Inbound-A,inbound,7,0,0,1
W03927,Inbound-B,inbound,2,0.64,0,1
W03928,Outbound-South,outbound,1,4.13,0,0
W03929,Outbound-North,outbound,4,1.59,0,0
W03930,Outbound-South,outbound,7,0.0,0,1
W03931,Inbound-B,inbound,4,2.48,0,0
W03932,Outbound-South,outbound,5,0.0,0,1
W03933,Outbound-South,outbound,5,0.3,0,1
W03934,Inbound-B,inbound,3,0.53,0,1
W03935,Outbound-North,outbound,1,0.48,0,1
W03936,Outbound-South,outbound,3,2.88,0,0
W03937,Outbound-North,outbound,6,2.96,0,0
W03938,Outbound-North,outbound,2,3.32,0,0
W03939,Outbound-North,outbound,5,2.35,0,0
W03940,Inbound-B,inbound,7,1.02,0,0
W03941,Inbound-A,inbound,8,0.99,0,1
W03942,Outbound-South,outbound,2,3.98,0,0
W03943,Outbound-South,outbound,7,1.47,0,0
W03944,Inbound-B,inbound,6,1.49,0,0
W03945,Inbound-B,inbound,7,1.66,0,0
W03946,Outbound-North,outbound,4,1.69,0,0
W03947,Inbound-B,inbound,3,1.26,0,0
W03948,Outbound-North,outbound,7,1.35,0,0
W03949,Outbound-North,outbound,6,1.98,0,0
W03950,Outbound-North,outbound,3,1.07,0,0
W03951,Outbound-South,outbound,4,2.59,0,0
W03952,Outbound-South,outbound,6,1.1,0,0
W03953,Outbound-South,outbound,7,3.28,0,0
W03954,Inbound-B,inbound,8,1.52,0,0
W03955,Returns,return,7,1.65,0,0
W03956,Outbound-North,outbound,7,0.45,0,1
W03957,Outbound-North,outbound,8,2.23,0,0
W03958,Outbound-North,outbound,6,0.27,0,1
W03959,Outbound-South,outbound,5,1.53,1,0
W03960,Outbound-North,outbound,4,3.14,0,0
W03961,Outbound-North,outbound,2,2.07,0,0
W03962,Outbound-South,outbound,5,3.13,0,0
W03963,Outbound-South,outbound,5,4.42,0,0
W03964,Inbound-A,inbound,6,0.28,0,1
W03965,Outbound-North,outbound,7,1.99,0,0
W03966,Outbound-North,outbound,6,0.65,0,1
W03967,Outbound-South,outbound,6,5.95,0,0
W03968,Outbound-South,outbound,3,0.0,0,1
W03969,Outbound-South,outbound,8,3.74,0,0
W03970,Inbound-A,inbound,7,1.96,0,0
W03971,Inbound-B,inbound,5,0.58,0,1
W03972,Outbound-North,outbound,2,3.06,0,0
W03973,Outbound-South,outbound,8,0.0,0,1
W03974,Inbound-B,inbound,8,1.66,0,0
W03975,Outbound-North,outbound,5,0.79,0,1
W03976,Outbound-South,outbound,1,3.16,0,0
W03977,Outbound-North,outbound,4,0.46,0,1
W03978,Outbound-North,outbound,4,1.63,0,0
W03979,Outbound-South,outbound,5,0.75,0,1
W03980,Inbound-A,inbound,2,0,0,1
W03981,Outbound-North,outbound,1,1.32,0,0
W03982,Outbound-North,outbound,1,0.41,0,1
W03983,Returns,return,6,0.0,0,1
W03984,Returns,return,8,0.47,0,1
W03985,Outbound-South,outbound,2,8.39,0,0
W03986,Returns,return,3,1.29,0,0
W03987,Inbound-A,inbound,2,0.75,0,1
W03988,Outbound-North,outbound,3,0.65,0,1
W03989,Outbound-South,outbound,1,0.22,0,1
W03990,Inbound-A,inbound,7,1.29,0,0
W03991,Inbound-A,inbound,5,1.49,0,0
W03992,Inbound-A,inbound,5,0,0,1
W03993,Outbound-North,outbound,7,1.83,0,0
W03994,Inbound-A,inbound,4,1.36,0,0
W03995,Outbound-North,outbound,4,1.06,0,0
W03996,Outbound-North,outbound,1,1.42,0,0
W03997,Inbound-B,inbound,6,0.64,0,1
W03998,Inbound-A,inbound,7,0,0,1
W03999,Inbound-A,inbound,4,0.87,0,1
W04000,Outbound-North,outbound,4,0.81,0,1
W04001,Outbound-North,outbound,2,1.41,0,0
W04002,Inbound-B,inbound,4,1.82,0,0
W04003,Inbound-B,inbound,1,0,0,1
W04004,Outbound-South,outbound,3,4.48,0,0
W04005,Outbound-North,outbound,1,1.63,0,0
W04006,Inbound-A,inbound,4,0,0,1
W04007,Inbound-A,inbound,2,0.23,0,1
W04008,Inbound-B,inbound,7,0.71,1,1
W04009,Outbound-North,outbound,7,0.22,0,1
W04010,Inbound-B,inbound,7,0.5,0,1
W04011,Inbound-A,inbound,6,0,0,1
W04012,Inbound-B,inbound,7,3.17,0,0
W04013,Outbound-North,outbound,6,1.48,0,0
W04014,Inbound-B,inbound,2,1.89,0,0
W04015,Outbound-North,outbound,4,1.67,0,0
W04016,Outbound-South,outbound,8,1.27,0,0
W04017,Outbound-North,outbound,7,0.55,0,1
W04018,Outbound-North,outbound,1,2.38,0,0
W04019,Returns,return,1,1.68,0,0
W04020,Outbound-North,outbound,4,0.78,0,1
W04021,Outbound-South,outbound,4,1.64,0,0
W04022,Inbound-A,inbound,2,3.65,0,0
W04023,Inbound-B,inbound,1,0.49,0,1
W04024,Returns,return,8,0.0,0,1
W04025,Outbound-North,outbound,8,0,0,1
W04026,Outbound-North,outbound,8,1.59,0,0
W04027,Inbound-A,inbound,3,0,0,1
W04028,Outbound-South,outbound,1,0.75,0,1
W04029,Inbound-B,inbound,5,0,0,1
W04030,Outbound-North,outbound,6,1.34,0,0
W04031,Inbound-B,inbound,1,2.24,1,0
W04032,Outbound-South,outbound,3,2.78,0,0
W04033,Returns,return,4,0.22,0,1
W04034,Inbound-A,inbound,8,0,0,1
W04035,Inbound-A,inbound,6,0.8,0,1
W04036,Outbound-South,outbound,1,4.17,0,0
W04037,Outbound-North,outbound,2,2.52,0,0
W04038,Inbound-A,inbound,7,0,0,1
W04039,Outbound-South,outbound,2,1.78,0,0
W04040,Inbound-B,inbound,1,0.44,0,1
W04041,Outbound-North,outbound,8,1.86,0,0
W04042,Outbound-North,outbound,5,0,0,1
W04043,Inbound-A,inbound,1,1.44,0,0
W04044,Outbound-North,outbound,4,1.11,0,0
W04045,Inbound-B,inbound,7,1.11,0,0
W04046,Inbound-B,inbound,4,0.87,0,1
W04047,Outbound-North,outbound,7,2.08,0,0
W04048,Inbound-A,inbound,7,0,0,1
W04049,Outbound-South,outbound,8,0.59,0,1
W04050,Inbound-A,inbound,8,0.36,0,1
W04051,Outbound-South,outbound,2,2.39,0,0
W04052,Returns,return,6,0.0,0,1
W04053,Inbound-B,inbound,5,3.89,0,0
W04054,Inbound-B,inbound,2,1.77,0,0
W04055,Outbound-South,outbound,8,3.27,0,0
W04056,Returns,return,5,1.2,0,0
W04057,Outbound-North,outbound,6,0,0,1
W04058,Inbound-A,inbound,6,2.34,0,0
W04059,Inbound-B,inbound,1,1.33,0,0
W04060,Outbound-North,outbound,4,0.94,0,1
W04061,Outbound-South,outbound,5,4.82,0,0
W04062,Outbound-South,outbound,2,2.37,1,0
W04063,Inbound-A,inbound,4,1.02,0,0
W04064,Outbound-South,outbound,2,0.37,0,1
W04065,Inbound-B,inbound,2,1.14,0,0
W04066,Outbound-South,outbound,1,0.26,0,1
W04067,Outbound-North,outbound,4,2.09,0,0
W04068,Returns,return,7,1.87,0,0
W04069,Inbound-B,inbound,6,1.38,0,0
W04070,Outbound-South,outbound,6,2.62,0,0
W04071,Inbound-B,inbound,6,0.33,0,1
W04072,Outbound-South,outbound,3,0.3,0,1
W04073,Outbound-North,outbound,6,0,0,1
W04074,Outbound-South,outbound,7,1.45,1,0
W04075,Inbound-A,inbound,2,1.08,0,0
W04076,Inbound-B,inbound,8,2.23,0,0
W04077,Outbound-North,outbound,1,0.64,0,1
W04078,Outbound-South,outbound,2,2.78,0,0
W04079,Returns,return,7,2.23,0,0
W04080,Outbound-South,outbound,3,1.88,0,0
W04081,Outbound-North,outbound,7,1.81,0,0
W04082,Outbound-North,outbound,4,1.94,0,0
W04083,Inbound-B,inbound,4,0,0,1
W04084,Inbound-B,inbound,3,0.5,1,1
W04085,Inbound-A,inbound,5,0.64,0,1
W04086,Outbound-South,outbound,1,2.8,0,0
W04087,Inbound-B,inbound,5,0.51,0,1
W04088,Outbound-North,outbound,5,0,0,1
W04089,Outbound-South,outbound,2,2.61,0,0
W04090,Inbound-A,inbound,5,1.56,0,0
W04091,Outbound-North,outbound,4,2.48,0,0
W04092,Outbound-North,outbound,6,0,0,1
W04093,Inbound-B,inbound,8,0,0,1
W04094,Inbound-B,inbound,4,1.27,0,0
W04095,Outbound-North,outbound,8,2.89,0,0
W04096,Inbound-A,inbound,3,0.3,0,1
W04097,Inbound-A,inbound,6,0,0,1
W04098,Outbound-South,outbound,1,2.43,0,0
W04099,Outbound-South,outbound,6,2.73,0,0
W04100,Inbound-A,inbound,6,2.84,0,0
W04101,Outbound-North,outbound,7,0.67,0,1
W04102,Inbound-B,inbound,5,1.83,0,0
W04103,Outbound-North,outbound,8,0.48,0,1
W04104,Outbound-South,outbound,1,2.09,0,0
W04105,Outbound-North,outbound,7,0.64,0,1
W04106,Inbound-B,inbound,8,0,0,1
W04107,Outbound-North,outbound,3,0.41,0,1
W04108,Outbound-South,outbound,2,3.32,0,0
W04109,Outbound-South,outbound,6,3.73,0,0
W04110,Inbound-A,inbound,6,0,0,1
W04111,Outbound-North,outbound,8,1.46,0,0
W04112,Outbound-South,outbound,4,3.29,0,0
W04113,Returns,return,6,0.0,0,1
W04114,Returns,return,3,2.37,0,0
W04115,Outbound-South,outbound,1,0.0,0,1
W04116,Inbound-A,inbound,1,0,0,1
W04117,Outbound-North,outbound,2,1.06,0,0
W04118,Inbound-B,inbound,5,1.11,0,0
W04119,Inbound-B,inbound,1,0.41,0,1
W04120,Outbound-North,outbound,7,1.49,0,0
W04121,Outbound-South,outbound,8,0.27,0,1
W04122,Returns,return,1,0.0,0,1
W04123,Outbound-North,outbound,3,0.96,0,1
W04124,Inbound-B,inbound,3,0.9,0,1
W04125,Outbound-South,outbound,4,0.0,0,1
W04126,Outbound-South,outbound,5,3.32,0,0
W04127,Inbound-A,inbound,2,0.26,0,1
W04128,Inbound-A,inbound,8,1.15,0,0
W04129,Returns,return,2,1.73,0,0
W04130,Outbound-South,outbound,2,3.49,0,0
W04131,Inbound-B,inbound,5,0.25,0,1
W04132,Inbound-A,inbound,5,0.84,0,1
W04133,Inbound-B,inbound,4,0.79,0,1
W04134,Inbound-A,inbound,4,2.12,0,0
W04135,Outbound-North,outbound,1,0.44,0,1
W04136,Inbound-A,inbound,6,0,1,1
W04137,Inbound-A,inbound,6,0.72,0,1
W04138,Returns,return,4,0.0,0,1
W04139,Inbound-A,inbound,3,1.19,0,0
W04140,Outbound-South,outbound,8,2.62,0,0
W04141,Outbound-South,outbound,2,4.21,0,0
W04142,Inbound-A,inbound,3,0,0,1
W04143,Outbound-North,outbound,3,0.97,0,1
W04144,Returns,return,1,2.16,0,0
W04145,Outbound-North,outbound,2,1.26,0,0
W04146,Outbound-South,outbound,1,2.4,0,0
W04147,Outbound-South,outbound,7,3.92,0,0
W04148,Outbound-North,outbound,4,1.35,0,0
W04149,Outbound-North,outbound,7,3.12,0,0
W04150,Outbound-North,outbound,5,0,0,1
W04151,Inbound-A,inbound,4,0,0,1
W04152,Outbound-North,outbound,1,2.41,0,0
W04153,Outbound-North,outbound,1,2.23,0,0
W04154,Returns,return,6,0.19,0,1
W04155,Outbound-South,outbound,3,1.84,0,0
W04156,Outbound-North,outbound,2,0,1,1
W04157,Inbound-B,inbound,7,2.11,0,0
W04158,Inbound-B,inbound,2,0,0,1
W04159,Outbound-South,outbound,6,1.8,0,0
W04160,Inbound-B,inbound,6,0,0,1
W04161,Outbound-South,outbound,4,1.18,0,0
W04162,Outbound-South,outbound,7,5.44,0,0
W04163,Outbound-North,outbound,5,3.56,0,0
W04164,Outbound-North,outbound,4,0.04,0,1
W04165,Outbound-South,outbound,6,2.95,0,0
W04166,Inbound-B,inbound,3,0.36,0,1
W04167,Outbound-North,outbound,8,1.05,0,0
W04168,Inbound-A,inbound,1,0,0,1
W04169,Inbound-A,inbound,2,1.83,0,0
W04170,Inbound-B,inbound,4,0,0,1
W04171,Inbound-A,inbound,7,3.28,0,0
W04172,Outbound-South,outbound,5,2.27,0,0
W04173,Outbound-North,outbound,2,0.65,0,1
W04174,Outbound-North,outbound,1,1.91,0,0
W04175,Outbound-North,outbound,3,0,0,1
W04176,Outbound-North,outbound,7,1.1,0,0
W04177,Inbound-A,inbound,2,0.27,0,1
W04178,Outbound-South,outbound,7,1.66,0,0
W04179,Outbound-North,outbound,7,1.34,0,0
W04180,Inbound-A,inbound,3,1.02,0,0
W04181,Inbound-A,inbound,5,0.82,0,1
W04182,Inbound-B,inbound,7,1.35,0,0
W04183,Inbound-B,inbound,1,2.47,0,0
W04184,Inbound-A,inbound,4,1.42,0,0
W04185,Outbound-North,outbound,5,2.33,0,0
W04186,Outbound-South,outbound,4,0.61,0,1
W04187,Outbound-South,outbound,7,2.09,1,0
W04188,Returns,return,1,0.89,0,1
W04189,Outbound-North,outbound,1,2.87,0,0
W04190,Inbound-B,inbound,5,1.55,0,0
W04191,Returns,return,1,1.31,0,0
W04192,Outbound-North,outbound,2,0.81,0,1
W04193,Inbound-A,inbound,4,0.51,0,1
W04194,Inbound-A,inbound,6,0,0,1
W04195,Outbound-North,outbound,4,3.08,0,0
W04196,Outbound-South,outbound,4,3.26,0,0
W04197,Inbound-B,inbound,7,1.51,1,0
W04198,Inbound-B,inbound,2,1.36,0,0
W04199,Outbound-North,outbound,2,2.12,0,0
W04200,Inbound-B,inbound,1,1.01,0,0
